Type,Nom,Préférences
Etudiant,Anaïs,Sorbonne Université - Université Grenoble Alpes - INSA Lyon - Université du Mans - Université de Montpellier - Université Paris-Saclay - Université de Poitiers - Université de Technologie de Troyes (UTT) - Université de Franche-Comté - Université de Technologie de Compiègne (UTC) - Université Paris Nanterre - Université de Nice - Côte d’Azur - École Polytechnique - Université de Technologie de Belfort-Montbéliard (UTBM) - Université Gustave Eiffel - Université d’Évry-Val-d’Essonne - Université Paris Dauphine-PSL - Université Paris 8 Vincennes-Saint-Denis - ESSEC Business School - Université de La Réunion - Université de Reims Champagne-Ardenne - Université Paris 1 Panthéon-Sorbonne - Université Savoie Mont Blanc - Mines ParisTech - Université de Nantes - Télécom Paris - Université de Caen Normandie - Université d’Artois - ENSAE Paris - Université Clermont Auvergne - Université Paris Cité - Université de Lille - Université de Lorraine - Université de Limoges - Université de Rouen Normandie - Université de Pau et des Pays de l’Adour - Université de Strasbourg - Université de Perpignan Via Domitia - HEC Paris - Université d’Orléans - EM Lyon - Université Toulouse III - Paul Sabatier - Sciences Po - ENS Lyon - Université de Bordeaux - Université Paris-Est Créteil (UPEC) - Université de Rennes 1 - CentraleSupélec - Université de Tours - Université de Valenciennes
Etudiant,Martin,Université Paris 8 Vincennes-Saint-Denis - ENSAE Paris - Université de Rouen Normandie - Université de Lorraine - Université d’Orléans - EM Lyon - Université de Nantes - Université Savoie Mont Blanc - Université de Lille - Université de Limoges - Mines ParisTech - ESSEC Business School - Université de Technologie de Compiègne (UTC) - Université de Strasbourg - CentraleSupélec - Université du Mans - Université de Valenciennes - Université Toulouse III - Paul Sabatier - Université Grenoble Alpes - Université de La Réunion - Université de Perpignan Via Domitia - Université d’Évry-Val-d’Essonne - Université de Technologie de Troyes (UTT) - Université de Rennes 1 - Université de Caen Normandie - Université Paris Nanterre - Université de Pau et des Pays de l’Adour - Télécom Paris - Université Paris-Est Créteil (UPEC) - Université de Tours - Université d’Artois - Université de Bordeaux - ENS Lyon - HEC Paris - Université de Franche-Comté - Sciences Po - Université de Montpellier - Sorbonne Université - INSA Lyon - École Polytechnique - Université Paris-Saclay - Université de Poitiers - Université Clermont Auvergne - Université Paris Cité - Université de Reims Champagne-Ardenne - Université Paris 1 Panthéon-Sorbonne - Université Gustave Eiffel - Université de Technologie de Belfort-Montbéliard (UTBM) - Université de Nice - Côte d’Azur - Université Paris Dauphine-PSL
Etudiant,Laure,Université d’Artois - Université Paris 1 Panthéon-Sorbonne - Sorbonne Université - Université de Poitiers - Université Toulouse III - Paul Sabatier - Université de Lorraine - Université Paris Cité - Université d’Orléans - Université de Limoges - Sciences Po - INSA Lyon - Université de Nantes - Université de Pau et des Pays de l’Adour - Université de Lille - HEC Paris - Université de Technologie de Compiègne (UTC) - Université Savoie Mont Blanc - ESSEC Business School - École Polytechnique - Mines ParisTech - Télécom Paris - Université de Strasbourg - Université de Rennes 1 - Université Paris Dauphine-PSL - Université Grenoble Alpes - Université de Valenciennes - Université Paris 8 Vincennes-Saint-Denis - Université du Mans - Université Paris-Est Créteil (UPEC) - ENS Lyon - Université de La Réunion - Université d’Évry-Val-d’Essonne - Université de Montpellier - Université Paris Nanterre - Université de Rouen Normandie - ENSAE Paris - EM Lyon - Université de Nice - Côte d’Azur - Université Clermont Auvergne - Université de Caen Normandie - Université Gustave Eiffel - CentraleSupélec - Université de Technologie de Troyes (UTT) - Université Paris-Saclay - Université de Bordeaux - Université de Tours - Université de Franche-Comté - Université de Reims Champagne-Ardenne - Université de Technologie de Belfort-Montbéliard (UTBM) - Université de Perpignan Via Domitia
Etudiant,Jeannine,Université de Lille - Télécom Paris - Sciences Po - Université Paris-Saclay - Université de Technologie de Troyes (UTT) - Université de Nantes - Université de Strasbourg - Université d’Évry-Val-d’Essonne - Université de Franche-Comté - Université Paris Dauphine-PSL - Université de Tours - Université Paris 1 Panthéon-Sorbonne - Université de Lorraine - Université de Bordeaux - Université de Reims Champagne-Ardenne - Université de Perpignan Via Domitia - Université Clermont Auvergne - Université Savoie Mont Blanc - Université de La Réunion - ENSAE Paris - Université Paris Nanterre - Université d’Orléans - Université de Nice - Côte d’Azur - Université Paris-Est Créteil (UPEC) - CentraleSupélec - Université de Technologie de Belfort-Montbéliard (UTBM) - Université de Montpellier - Université du Mans - Université de Caen Normandie - Université de Poitiers - Université Paris 8 Vincennes-Saint-Denis - HEC Paris - INSA Lyon - Université de Rouen Normandie - Université de Pau et des Pays de l’Adour - Mines ParisTech - Université Toulouse III - Paul Sabatier - Université de Technologie de Compiègne (UTC) - ENS Lyon - École Polytechnique - Université de Valenciennes - Université de Limoges - Sorbonne Université - Université d’Artois - Université Gustave Eiffel - Université Paris Cité - EM Lyon - Université de Rennes 1 - Université Grenoble Alpes - ESSEC Business School
Etudiant,Marie,Université de Valenciennes - Université de Strasbourg - Université de Lille - Université de Technologie de Troyes (UTT) - Université Clermont Auvergne - Université Paris Nanterre - Université d’Évry-Val-d’Essonne - HEC Paris - Université de Montpellier - Université Toulouse III - Paul Sabatier - Université de Limoges - ENSAE Paris - Université Paris-Saclay - Université de Rouen Normandie - Université de Perpignan Via Domitia - Université Grenoble Alpes - Université Paris 1 Panthéon-Sorbonne - INSA Lyon - ENS Lyon - Université de Tours - Université Savoie Mont Blanc - Sorbonne Université - Université de Technologie de Compiègne (UTC) - Université Paris Cité - Sciences Po - Université de Pau et des Pays de l’Adour - Université de Caen Normandie - Université d’Artois - Université de Nantes - ESSEC Business School - Université Gustave Eiffel - Université de Nice - Côte d’Azur - EM Lyon - Université de Rennes 1 - Université Paris Dauphine-PSL - Université de Reims Champagne-Ardenne - Télécom Paris - Université Paris-Est Créteil (UPEC) - Mines ParisTech - Université Paris 8 Vincennes-Saint-Denis - Université de Lorraine - Université d’Orléans - Université de Bordeaux - Université de Franche-Comté - Université du Mans - Université de Technologie de Belfort-Montbéliard (UTBM) - CentraleSupélec - École Polytechnique - Université de La Réunion - Université de Poitiers
Etudiant,Jérôme,Université de Tours - Université de Technologie de Belfort-Montbéliard (UTBM) - Université Savoie Mont Blanc - Université de Strasbourg - Université Grenoble Alpes - INSA Lyon - Université de Bordeaux - Université Paris 8 Vincennes-Saint-Denis - Université d’Orléans - Université Paris 1 Panthéon-Sorbonne - EM Lyon - Université d’Évry-Val-d’Essonne - Université de Montpellier - Université de Nice - Côte d’Azur - Université de Technologie de Troyes (UTT) - Université de Caen Normandie - Université de Pau et des Pays de l’Adour - Université d’Artois - Université de Rouen Normandie - Université de Reims Champagne-Ardenne - Université Gustave Eiffel - Université de Valenciennes - Université Paris-Est Créteil (UPEC) - Université de Perpignan Via Domitia - Université du Mans - Université de La Réunion - Université Paris Dauphine-PSL - École Polytechnique - Université de Franche-Comté - ENS Lyon - Université Paris-Saclay - Télécom Paris - Université de Nantes - CentraleSupélec - Université Paris Cité - ESSEC Business School - Université de Rennes 1 - Mines ParisTech - Université Toulouse III - Paul Sabatier - Sciences Po - Université Clermont Auvergne - Université de Technologie de Compiègne (UTC) - Université de Limoges - Université de Lille - Université de Lorraine - ENSAE Paris - HEC Paris - Université Paris Nanterre - Sorbonne Université - Université de Poitiers
Etudiant,Étienne,Université Paris-Est Créteil (UPEC) - Université Paris 8 Vincennes-Saint-Denis - Université de Lille - Université de La Réunion - Université de Technologie de Troyes (UTT) - CentraleSupélec - Université d’Orléans - HEC Paris - Université de Bordeaux - Université de Rennes 1 - ENS Lyon - Télécom Paris - ENSAE Paris - Université d’Artois - Université de Limoges - Université du Mans - Université de Rouen Normandie - École Polytechnique - Université de Lorraine - Université Paris Cité - Université de Nice - Côte d’Azur - Université de Tours - EM Lyon - Université Paris Nanterre - Université de Pau et des Pays de l’Adour - Université de Technologie de Compiègne (UTC) - Sciences Po - Université Paris Dauphine-PSL - Sorbonne Université - Université Gustave Eiffel - Université de Technologie de Belfort-Montbéliard (UTBM) - Université de Perpignan Via Domitia - Université de Poitiers - INSA Lyon - Université de Reims Champagne-Ardenne - Mines ParisTech - ESSEC Business School - Université Savoie Mont Blanc - Université de Strasbourg - Université Toulouse III - Paul Sabatier - Université d’Évry-Val-d’Essonne - Université de Nantes - Université Clermont Auvergne - Université de Franche-Comté - Université de Caen Normandie - Université Paris 1 Panthéon-Sorbonne - Université de Montpellier - Université Paris-Saclay - Université de Valenciennes - Université Grenoble Alpes
Etudiant,Jules,ESSEC Business School - Université de Nice - Côte d’Azur - ENS Lyon - Université Clermont Auvergne - Université du Mans - CentraleSupélec - Université de Rennes 1 - Université de Bordeaux - Université de Technologie de Belfort-Montbéliard (UTBM) - Université Paris-Saclay - Université Paris 8 Vincennes-Saint-Denis - ENSAE Paris - EM Lyon - Université Paris 1 Panthéon-Sorbonne - Université de Montpellier - Université Gustave Eiffel - Université de Lille - Université Savoie Mont Blanc - Université de Caen Normandie - Université de Technologie de Compiègne (UTC) - Université de Reims Champagne-Ardenne - Université de Perpignan Via Domitia - Université Paris-Est Créteil (UPEC) - Université Toulouse III - Paul Sabatier - Université Paris Cité - Université de La Réunion - Université de Pau et des Pays de l’Adour - Université de Strasbourg - Université Grenoble Alpes - Université de Valenciennes - Université d’Orléans - Université de Nantes - Mines ParisTech - Université Paris Nanterre - INSA Lyon - HEC Paris - École Polytechnique - Université de Technologie de Troyes (UTT) - Sciences Po - Université de Franche-Comté - Université de Lorraine - Université Paris Dauphine-PSL - Sorbonne Université - Université d’Artois - Université de Limoges - Université d’Évry-Val-d’Essonne - Université de Poitiers - Université de Tours - Université de Rouen Normandie - Télécom Paris
Etudiant,Michelle,Université de Strasbourg - Université de Technologie de Belfort-Montbéliard (UTBM) - Université de Valenciennes - Université de Lorraine - Université Paris Dauphine-PSL - Télécom Paris - Université d’Orléans - Université d’Artois - Université Savoie Mont Blanc - Université de Perpignan Via Domitia - Université de Rennes 1 - Université Paris-Est Créteil (UPEC) - Université de Tours - Sorbonne Université - Université de Poitiers - Université de Rouen Normandie - Université Paris Cité - HEC Paris - Mines ParisTech - Université de Limoges - Université Clermont Auvergne - Université de Pau et des Pays de l’Adour - Université de Nice - Côte d’Azur - Sciences Po - École Polytechnique - ESSEC Business School - Université de Bordeaux - Université Toulouse III - Paul Sabatier - EM Lyon - CentraleSupélec - Université du Mans - Université de Caen Normandie - Université de Technologie de Troyes (UTT) - Université Paris 1 Panthéon-Sorbonne - Université Paris Nanterre - Université de Reims Champagne-Ardenne - Université de Lille - Université d’Évry-Val-d’Essonne - ENS Lyon - INSA Lyon - Université Paris 8 Vincennes-Saint-Denis - Université Grenoble Alpes - Université Gustave Eiffel - Université Paris-Saclay - Université de Nantes - Université de Montpellier - Université de La Réunion - ENSAE Paris - Université de Technologie de Compiègne (UTC) - Université de Franche-Comté
Etudiant,Chantal,Université de Lorraine - Université Paris 8 Vincennes-Saint-Denis - Université de Reims Champagne-Ardenne - EM Lyon - Télécom Paris - Université de Limoges - Université Toulouse III - Paul Sabatier - ENSAE Paris - Université du Mans - Université de Technologie de Troyes (UTT) - Université de Nice - Côte d’Azur - ENS Lyon - Université de Valenciennes - Université de Montpellier - Université de Rouen Normandie - Université de Strasbourg - École Polytechnique - Université de Rennes 1 - Université de Poitiers - INSA Lyon - Université Gustave Eiffel - Mines ParisTech - Université de Franche-Comté - Sciences Po - Université Paris 1 Panthéon-Sorbonne - Sorbonne Université - ESSEC Business School - Université d’Orléans - Université de Pau et des Pays de l’Adour - Université Savoie Mont Blanc - Université de Lille - CentraleSupélec - Université Paris-Est Créteil (UPEC) - Université Paris Cité - Université de Technologie de Compiègne (UTC) - Université Paris Nanterre - Université Grenoble Alpes - HEC Paris - Université d’Évry-Val-d’Essonne - Université de Bordeaux - Université Paris Dauphine-PSL - Université de Perpignan Via Domitia - Université de La Réunion - Université Clermont Auvergne - Université de Nantes - Université d’Artois - Université Paris-Saclay - Université de Caen Normandie - Université de Tours - Université de Technologie de Belfort-Montbéliard (UTBM)
Etudiant,Patrick,Université de Valenciennes - Université de La Réunion - Université Gustave Eiffel - Université de Perpignan Via Domitia - Université Toulouse III - Paul Sabatier - Université de Lorraine - Université de Strasbourg - Université de Tours - Université d’Évry-Val-d’Essonne - Université de Bordeaux - Université de Technologie de Belfort-Montbéliard (UTBM) - Université de Reims Champagne-Ardenne - Université de Rennes 1 - Université Savoie Mont Blanc - Université de Montpellier - HEC Paris - Université de Poitiers - Université de Nice - Côte d’Azur - Université de Caen Normandie - Université Paris Nanterre - Télécom Paris - Université Paris-Saclay - Université de Nantes - ESSEC Business School - Université d’Orléans - Université de Technologie de Troyes (UTT) - CentraleSupélec - École Polytechnique - Sorbonne Université - Université Grenoble Alpes - Université de Technologie de Compiègne (UTC) - Université de Lille - Université du Mans - Mines ParisTech - Université de Pau et des Pays de l’Adour - Université de Rouen Normandie - EM Lyon - Sciences Po - Université Paris 1 Panthéon-Sorbonne - Université de Limoges - Université Clermont Auvergne - Université Paris Dauphine-PSL - Université d’Artois - Université Paris-Est Créteil (UPEC) - Université de Franche-Comté - Université Paris 8 Vincennes-Saint-Denis - Université Paris Cité - ENSAE Paris - ENS Lyon - INSA Lyon
Etudiant,François,Université Toulouse III - Paul Sabatier - Université Grenoble Alpes - Université Savoie Mont Blanc - Université Gustave Eiffel - ENS Lyon - École Polytechnique - Université Paris Cité - Université de Lille - Sciences Po - Université de Rennes 1 - Université Paris 8 Vincennes-Saint-Denis - Université Paris 1 Panthéon-Sorbonne - Université de Tours - Université de Valenciennes - Université de Franche-Comté - Université de La Réunion - Université Paris-Saclay - Mines ParisTech - EM Lyon - ESSEC Business School - Université de Technologie de Troyes (UTT) - Université de Poitiers - Université de Montpellier - Université de Limoges - Université de Caen Normandie - Université Paris Nanterre - Université d’Évry-Val-d’Essonne - HEC Paris - Université de Rouen Normandie - Université de Bordeaux - CentraleSupélec - Sorbonne Université - Université de Strasbourg - Université de Reims Champagne-Ardenne - INSA Lyon - Université du Mans - Université d’Orléans - ENSAE Paris - Université Clermont Auvergne - Université Paris-Est Créteil (UPEC) - Université de Nantes - Université de Technologie de Compiègne (UTC) - Université de Technologie de Belfort-Montbéliard (UTBM) - Université de Pau et des Pays de l’Adour - Université Paris Dauphine-PSL - Télécom Paris - Université de Lorraine - Université de Nice - Côte d’Azur - Université d’Artois - Université de Perpignan Via Domitia
Etudiant,Margot,Université de Technologie de Compiègne (UTC) - Université Grenoble Alpes - Université de Valenciennes - Université de Rouen Normandie - Université de Perpignan Via Domitia - Université Gustave Eiffel - Université de Reims Champagne-Ardenne - Sciences Po - Université de Technologie de Troyes (UTT) - Université Paris Dauphine-PSL - Université Paris 1 Panthéon-Sorbonne - Université du Mans - Université d’Artois - Télécom Paris - CentraleSupélec - Université Paris-Saclay - Université Paris 8 Vincennes-Saint-Denis - HEC Paris - Université de Limoges - Université de Montpellier - Université de Lille - Université Clermont Auvergne - Université de Technologie de Belfort-Montbéliard (UTBM) - ENS Lyon - Université Savoie Mont Blanc - Université Paris Cité - Université de Lorraine - Université Toulouse III - Paul Sabatier - Université d’Évry-Val-d’Essonne - ESSEC Business School - Université de La Réunion - Sorbonne Université - Université de Poitiers - Université de Tours - Mines ParisTech - Université de Franche-Comté - Université de Nantes - Université de Pau et des Pays de l’Adour - Université Paris Nanterre - Université d’Orléans - Université de Nice - Côte d’Azur - EM Lyon - École Polytechnique - ENSAE Paris - Université de Caen Normandie - Université de Rennes 1 - INSA Lyon - Université de Bordeaux - Université de Strasbourg - Université Paris-Est Créteil (UPEC)
Etudiant,Emmanuelle,Université Paris Dauphine-PSL - Université de Bordeaux - Université de Poitiers - Université de Perpignan Via Domitia - École Polytechnique - Université de Strasbourg - Université Paris Cité - Université Toulouse III - Paul Sabatier - Université de Franche-Comté - Université Savoie Mont Blanc - ENS Lyon - Université Paris Nanterre - EM Lyon - Université de Caen Normandie - Université de Limoges - Université de Valenciennes - Université Paris 1 Panthéon-Sorbonne - Mines ParisTech - Université de La Réunion - Université de Nice - Côte d’Azur - Université de Reims Champagne-Ardenne - Université d’Artois - INSA Lyon - Université Paris-Est Créteil (UPEC) - Université de Tours - Université Gustave Eiffel - Université de Technologie de Troyes (UTT) - Université de Lorraine - Université Paris-Saclay - Université Clermont Auvergne - Université de Montpellier - Université d’Orléans - ESSEC Business School - Université de Lille - ENSAE Paris - Université de Rouen Normandie - Université Paris 8 Vincennes-Saint-Denis - Université de Technologie de Compiègne (UTC) - Université de Nantes - Université de Pau et des Pays de l’Adour - Sciences Po - Université du Mans - HEC Paris - Université Grenoble Alpes - Université d’Évry-Val-d’Essonne - Université de Rennes 1 - Télécom Paris - Université de Technologie de Belfort-Montbéliard (UTBM) - Sorbonne Université - CentraleSupélec
Etudiant,Louise,Université de La Réunion - Université de Tours - Université de Valenciennes - Mines ParisTech - Université de Montpellier - Université de Rouen Normandie - Université de Bordeaux - Université Savoie Mont Blanc - Université de Strasbourg - Université de Technologie de Belfort-Montbéliard (UTBM) - INSA Lyon - Université Paris Cité - Université Paris 1 Panthéon-Sorbonne - Université de Technologie de Compiègne (UTC) - Télécom Paris - Sciences Po - EM Lyon - Université de Nice - Côte d’Azur - Université de Technologie de Troyes (UTT) - HEC Paris - Université Paris-Saclay - Université de Franche-Comté - CentraleSupélec - Université d’Orléans - Université de Reims Champagne-Ardenne - Université Paris 8 Vincennes-Saint-Denis - Université de Lorraine - Université Toulouse III - Paul Sabatier - Université Paris Nanterre - Université Paris-Est Créteil (UPEC) - École Polytechnique - Université de Nantes - Université Paris Dauphine-PSL - ENSAE Paris - ESSEC Business School - Université de Pau et des Pays de l’Adour - Université Clermont Auvergne - Université d’Artois - Université Grenoble Alpes - Université de Rennes 1 - Université de Caen Normandie - Université de Perpignan Via Domitia - Université d’Évry-Val-d’Essonne - ENS Lyon - Université Gustave Eiffel - Université du Mans - Université de Lille - Université de Limoges - Sorbonne Université - Université de Poitiers
Etudiant,Maryse,Université de Valenciennes - Université de La Réunion - Université de Reims Champagne-Ardenne - Université du Mans - Université de Technologie de Compiègne (UTC) - ESSEC Business School - Université de Tours - Université Paris Cité - ENS Lyon - Université de Perpignan Via Domitia - Université d’Évry-Val-d’Essonne - Université d’Orléans - EM Lyon - Université Paris-Est Créteil (UPEC) - Université de Franche-Comté - CentraleSupélec - Université de Lorraine - HEC Paris - Télécom Paris - Université de Technologie de Troyes (UTT) - Sciences Po - Université de Nice - Côte d’Azur - École Polytechnique - Université Toulouse III - Paul Sabatier - Université Gustave Eiffel - Université Paris-Saclay - ENSAE Paris - Université de Rouen Normandie - Université de Limoges - Université Grenoble Alpes - Université de Poitiers - Université de Technologie de Belfort-Montbéliard (UTBM) - Université de Rennes 1 - Université Paris Dauphine-PSL - Université de Caen Normandie - Université de Pau et des Pays de l’Adour - INSA Lyon - Université Savoie Mont Blanc - Mines ParisTech - Université Clermont Auvergne - Université de Strasbourg - Université de Lille - Université de Nantes - Sorbonne Université - Université Paris 1 Panthéon-Sorbonne - Université Paris Nanterre - Université Paris 8 Vincennes-Saint-Denis - Université d’Artois - Université de Bordeaux - Université de Montpellier
Etudiant,Adrien,ENS Lyon - Université Gustave Eiffel - Université Paris Nanterre - École Polytechnique - Université de Technologie de Troyes (UTT) - Télécom Paris - Université Clermont Auvergne - HEC Paris - INSA Lyon - Université de Perpignan Via Domitia - Université de Franche-Comté - Université d’Artois - Université Paris-Est Créteil (UPEC) - Université de Valenciennes - Université Toulouse III - Paul Sabatier - Université de Lorraine - Université Savoie Mont Blanc - Université de Montpellier - Université Paris 8 Vincennes-Saint-Denis - EM Lyon - Université Paris Cité - Université de Rouen Normandie - Université de Lille - Université de Strasbourg - Université Paris-Saclay - Université de Poitiers - Université du Mans - Université d’Orléans - Université de Technologie de Belfort-Montbéliard (UTBM) - Université Grenoble Alpes - Université de Bordeaux - Université de Technologie de Compiègne (UTC) - Université Paris Dauphine-PSL - Université Paris 1 Panthéon-Sorbonne - Université de Tours - Université de Limoges - Université de Caen Normandie - Université de Nantes - ESSEC Business School - Sorbonne Université - Université de Rennes 1 - Université de Pau et des Pays de l’Adour - ENSAE Paris - Université d’Évry-Val-d’Essonne - Université de Reims Champagne-Ardenne - Mines ParisTech - Université de La Réunion - Université de Nice - Côte d’Azur - Sciences Po - CentraleSupélec
Etudiant,Victor,Université de Lille - Université Gustave Eiffel - Université de Rennes 1 - Université de Franche-Comté - ESSEC Business School - HEC Paris - Université de Strasbourg - Université d’Évry-Val-d’Essonne - Université de Pau et des Pays de l’Adour - Université de Perpignan Via Domitia - Université de Nantes - Université de Valenciennes - Université d’Orléans - Université de Nice - Côte d’Azur - Université du Mans - EM Lyon - Université de Lorraine - ENS Lyon - Sorbonne Université - Université Paris-Est Créteil (UPEC) - Université Savoie Mont Blanc - Université de Technologie de Belfort-Montbéliard (UTBM) - INSA Lyon - Mines ParisTech - Université de Bordeaux - Université Clermont Auvergne - Université Paris 1 Panthéon-Sorbonne - Université de Poitiers - Université Paris Nanterre - Université de Technologie de Compiègne (UTC) - Université de Caen Normandie - Télécom Paris - Université d’Artois - École Polytechnique - Université de Technologie de Troyes (UTT) - Université Paris-Saclay - Université de Reims Champagne-Ardenne - Université Grenoble Alpes - Université de Montpellier - ENSAE Paris - Université de Limoges - Université de Tours - Université Toulouse III - Paul Sabatier - Université Paris Cité - CentraleSupélec - Université de La Réunion - Sciences Po - Université Paris 8 Vincennes-Saint-Denis - Université Paris Dauphine-PSL - Université de Rouen Normandie
Etudiant,Julien,Université Paris Dauphine-PSL - Université de Nice - Côte d’Azur - École Polytechnique - Université Savoie Mont Blanc - Université de Montpellier - Université du Mans - Université de Technologie de Troyes (UTT) - Université Paris 8 Vincennes-Saint-Denis - Université Paris-Saclay - Université Paris Nanterre - ENSAE Paris - Université d’Artois - Université Paris Cité - Université de Reims Champagne-Ardenne - Sciences Po - Sorbonne Université - Université de Perpignan Via Domitia - ESSEC Business School - Université Toulouse III - Paul Sabatier - Université de Technologie de Compiègne (UTC) - Université d’Évry-Val-d’Essonne - Télécom Paris - Université de Rennes 1 - Université d’Orléans - Université de Poitiers - Mines ParisTech - Université de Franche-Comté - Université Paris 1 Panthéon-Sorbonne - Université Paris-Est Créteil (UPEC) - Université de Lorraine - Université Grenoble Alpes - HEC Paris - Université de Strasbourg - Université de Lille - Université de Limoges - Université de Caen Normandie - Université Gustave Eiffel - Université de Bordeaux - INSA Lyon - Université de Rouen Normandie - Université de Valenciennes - Université de Pau et des Pays de l’Adour - ENS Lyon - Université de Technologie de Belfort-Montbéliard (UTBM) - Université de Nantes - Université de Tours - Université de La Réunion - CentraleSupélec - Université Clermont Auvergne - EM Lyon
Etudiant,Guillaume,Université de Technologie de Belfort-Montbéliard (UTBM) - Université d’Évry-Val-d’Essonne - Université Paris-Est Créteil (UPEC) - Université Paris Dauphine-PSL - Université d’Artois - Université de La Réunion - Université de Lille - Sorbonne Université - Université Paris 1 Panthéon-Sorbonne - ESSEC Business School - Université Toulouse III - Paul Sabatier - Université de Nantes - Université de Nice - Côte d’Azur - Université de Rouen Normandie - Université de Technologie de Compiègne (UTC) - Université Paris 8 Vincennes-Saint-Denis - HEC Paris - Université Paris Nanterre - EM Lyon - Université Clermont Auvergne - CentraleSupélec - Université Paris Cité - Université Gustave Eiffel - Université de Pau et des Pays de l’Adour - Université de Strasbourg - Université de Valenciennes - Université de Perpignan Via Domitia - Université du Mans - INSA Lyon - Université de Poitiers - Université d’Orléans - Université de Tours - Télécom Paris - Université Paris-Saclay - Sciences Po - ENSAE Paris - Université de Limoges - Université de Technologie de Troyes (UTT) - Université Grenoble Alpes - ENS Lyon - Mines ParisTech - Université de Caen Normandie - Université de Reims Champagne-Ardenne - École Polytechnique - Université de Franche-Comté - Université de Bordeaux - Université de Lorraine - Université Savoie Mont Blanc - Université de Montpellier - Université de Rennes 1
Etudiant,Jean,Université de Nantes - Université Savoie Mont Blanc - Sciences Po - Université de Perpignan Via Domitia - Université de Valenciennes - Université Toulouse III - Paul Sabatier - Université d’Évry-Val-d’Essonne - Université de Pau et des Pays de l’Adour - Université de Reims Champagne-Ardenne - Université de Lorraine - Université Paris-Saclay - Université Paris 8 Vincennes-Saint-Denis - ENSAE Paris - Université Paris 1 Panthéon-Sorbonne - Université de Caen Normandie - Université de Montpellier - ESSEC Business School - Université de Bordeaux - Université de Tours - Université de Limoges - Université de Rennes 1 - Université Paris-Est Créteil (UPEC) - Université de Rouen Normandie - Université de Technologie de Troyes (UTT) - INSA Lyon - Université de Technologie de Compiègne (UTC) - Université de Lille - Université Gustave Eiffel - Télécom Paris - CentraleSupélec - École Polytechnique - Université Paris Nanterre - Université d’Orléans - Université d’Artois - HEC Paris - Université de Strasbourg - Université de Franche-Comté - Université Paris Cité - Université de Technologie de Belfort-Montbéliard (UTBM) - Sorbonne Université - Université de La Réunion - Université du Mans - ENS Lyon - Université Grenoble Alpes - Université de Nice - Côte d’Azur - Université Clermont Auvergne - EM Lyon - Université de Poitiers - Mines ParisTech - Université Paris Dauphine-PSL
Etudiant,Arthur,Université de Reims Champagne-Ardenne - Université de Perpignan Via Domitia - Université d’Orléans - Université de Strasbourg - Université Gustave Eiffel - Université Paris 8 Vincennes-Saint-Denis - Université d’Artois - Université de Tours - Université de Nantes - INSA Lyon - Télécom Paris - Université de Limoges - Université Paris Cité - Université de Nice - Côte d’Azur - EM Lyon - ENS Lyon - Université de Poitiers - Sciences Po - Université du Mans - Université de Montpellier - Université de La Réunion - Université de Valenciennes - Université de Rouen Normandie - Université Paris 1 Panthéon-Sorbonne - Université de Technologie de Belfort-Montbéliard (UTBM) - Université Paris-Saclay - École Polytechnique - Mines ParisTech - CentraleSupélec - Université de Technologie de Troyes (UTT) - Université de Technologie de Compiègne (UTC) - Université Paris Nanterre - ENSAE Paris - Université de Franche-Comté - Université Paris-Est Créteil (UPEC) - HEC Paris - ESSEC Business School - Université Savoie Mont Blanc - Université de Lorraine - Université Paris Dauphine-PSL - Université Clermont Auvergne - Université de Lille - Université Toulouse III - Paul Sabatier - Sorbonne Université - Université de Bordeaux - Université de Rennes 1 - Université Grenoble Alpes - Université de Caen Normandie - Université d’Évry-Val-d’Essonne - Université de Pau et des Pays de l’Adour
Etudiant,Alain,Sciences Po - Université de Lille - Université du Mans - Université de Limoges - CentraleSupélec - École Polytechnique - EM Lyon - Université de Technologie de Compiègne (UTC) - Université de Nantes - Université de La Réunion - Université Paris Dauphine-PSL - Université de Bordeaux - Université d’Artois - ENSAE Paris - Université de Technologie de Troyes (UTT) - Université de Pau et des Pays de l’Adour - Mines ParisTech - ENS Lyon - Université d’Évry-Val-d’Essonne - Université de Nice - Côte d’Azur - Université de Poitiers - Université de Rennes 1 - Université de Perpignan Via Domitia - Université Gustave Eiffel - Université de Technologie de Belfort-Montbéliard (UTBM) - INSA Lyon - Université de Lorraine - Université Paris-Saclay - Université Clermont Auvergne - Sorbonne Université - Université Toulouse III - Paul Sabatier - Université Savoie Mont Blanc - Université de Valenciennes - Université de Tours - Université de Strasbourg - Université de Reims Champagne-Ardenne - Université Paris-Est Créteil (UPEC) - Université de Caen Normandie - Université Paris 8 Vincennes-Saint-Denis - Université d’Orléans - Télécom Paris - Université de Rouen Normandie - Université de Montpellier - HEC Paris - Université de Franche-Comté - Université Paris Cité - ESSEC Business School - Université Paris 1 Panthéon-Sorbonne - Université Grenoble Alpes - Université Paris Nanterre
Etudiant,Paulette,Mines ParisTech - Université d’Évry-Val-d’Essonne - Université Paris-Saclay - Sorbonne Université - Université d’Orléans - ESSEC Business School - INSA Lyon - ENSAE Paris - Université de Rouen Normandie - Université Paris Cité - Université de Montpellier - ENS Lyon - Université Toulouse III - Paul Sabatier - Université de Reims Champagne-Ardenne - Université de Rennes 1 - Université d’Artois - Université de Pau et des Pays de l’Adour - Université Paris Dauphine-PSL - Université Paris-Est Créteil (UPEC) - Université de Caen Normandie - Université de Technologie de Belfort-Montbéliard (UTBM) - Université Paris 8 Vincennes-Saint-Denis - Université de Lorraine - EM Lyon - Université Paris 1 Panthéon-Sorbonne - Université Savoie Mont Blanc - Sciences Po - Université de Poitiers - Université Clermont Auvergne - Université de Nice - Côte d’Azur - Université de Tours - Université de Limoges - Université de Franche-Comté - Université Gustave Eiffel - Université de Strasbourg - Université de Nantes - Université Grenoble Alpes - Université de Lille - École Polytechnique - HEC Paris - Université Paris Nanterre - Université de Perpignan Via Domitia - Université de Technologie de Compiègne (UTC) - Université du Mans - Université de La Réunion - Télécom Paris - Université de Bordeaux - CentraleSupélec - Université de Technologie de Troyes (UTT) - Université de Valenciennes
Etudiant,Thibaut,Université d’Artois - Université Paris 1 Panthéon-Sorbonne - Université de Pau et des Pays de l’Adour - Université de Bordeaux - Université de La Réunion - Université Gustave Eiffel - Université Paris Dauphine-PSL - EM Lyon - Université Paris 8 Vincennes-Saint-Denis - Université de Tours - CentraleSupélec - Université de Rouen Normandie - Université de Technologie de Troyes (UTT) - Université du Mans - Université de Poitiers - Sorbonne Université - Université Clermont Auvergne - INSA Lyon - Université de Caen Normandie - École Polytechnique - Université de Technologie de Compiègne (UTC) - Université Paris Cité - Université de Valenciennes - Université de Reims Champagne-Ardenne - Université de Nantes - Université Paris Nanterre - Université Paris-Saclay - Université de Limoges - Université de Technologie de Belfort-Montbéliard (UTBM) - Sciences Po - Université Grenoble Alpes - HEC Paris - Université de Lorraine - Université d’Orléans - ESSEC Business School - Université de Lille - Université de Nice - Côte d’Azur - Université Toulouse III - Paul Sabatier - Université de Perpignan Via Domitia - Université de Montpellier - Mines ParisTech - Université Savoie Mont Blanc - Université de Rennes 1 - Université de Strasbourg - Télécom Paris - ENS Lyon - Université de Franche-Comté - Université Paris-Est Créteil (UPEC) - ENSAE Paris - Université d’Évry-Val-d’Essonne
Etudiant,Élise,Université de Bordeaux - Université de Rouen Normandie - Université Paris-Saclay - Université de Nantes - EM Lyon - Université de Strasbourg - Université de Technologie de Compiègne (UTC) - Université de Tours - Université de Pau et des Pays de l’Adour - Université d’Orléans - Sciences Po - Université de Perpignan Via Domitia - Université de Rennes 1 - Université de Caen Normandie - Université Paris-Est Créteil (UPEC) - Université du Mans - Université Paris 1 Panthéon-Sorbonne - École Polytechnique - Université Paris Nanterre - Université Toulouse III - Paul Sabatier - Mines ParisTech - Université de Montpellier - Université de Nice - Côte d’Azur - Université de Lille - Université de Reims Champagne-Ardenne - ENS Lyon - Université de Franche-Comté - INSA Lyon - Université Grenoble Alpes - Université Paris 8 Vincennes-Saint-Denis - Université de La Réunion - ESSEC Business School - Télécom Paris - Sorbonne Université - Université d’Artois - Université de Lorraine - HEC Paris - ENSAE Paris - Université de Technologie de Troyes (UTT) - Université Paris Dauphine-PSL - Université Clermont Auvergne - Université Savoie Mont Blanc - Université Paris Cité - Université de Technologie de Belfort-Montbéliard (UTBM) - Université de Limoges - CentraleSupélec - Université de Valenciennes - Université de Poitiers - Université Gustave Eiffel - Université d’Évry-Val-d’Essonne
Etudiant,Laurence,Université de Lorraine - Université de Reims Champagne-Ardenne - Mines ParisTech - Sciences Po - Université Clermont Auvergne - Université de Strasbourg - Université de Caen Normandie - Université Grenoble Alpes - Université Paris 1 Panthéon-Sorbonne - Université Paris-Saclay - Université de Rouen Normandie - Université de Tours - Université d’Évry-Val-d’Essonne - Université de Technologie de Troyes (UTT) - Université de Perpignan Via Domitia - Université de Nice - Côte d’Azur - Université Paris Cité - ESSEC Business School - Université Savoie Mont Blanc - Université de Poitiers - Université du Mans - École Polytechnique - Université Paris 8 Vincennes-Saint-Denis - Université de Limoges - Université d’Orléans - Université Paris-Est Créteil (UPEC) - INSA Lyon - Université Toulouse III - Paul Sabatier - Université de Technologie de Belfort-Montbéliard (UTBM) - CentraleSupélec - Université de Rennes 1 - Université de Bordeaux - Université de La Réunion - Télécom Paris - HEC Paris - Université de Nantes - Université de Montpellier - Université Paris Nanterre - EM Lyon - Université Gustave Eiffel - Université de Lille - Université de Pau et des Pays de l’Adour - Université Paris Dauphine-PSL - Université de Technologie de Compiègne (UTC) - Université d’Artois - Université de Franche-Comté - Université de Valenciennes - Sorbonne Université - ENS Lyon - ENSAE Paris
Etudiant,Pauline,Université Clermont Auvergne - EM Lyon - Université Gustave Eiffel - ENSAE Paris - Université Paris Nanterre - HEC Paris - Université de Perpignan Via Domitia - Université d’Évry-Val-d’Essonne - Université Paris 8 Vincennes-Saint-Denis - Université Savoie Mont Blanc - École Polytechnique - Université Paris-Saclay - Université d’Orléans - Université de Poitiers - Université de La Réunion - Université Paris Cité - Université de Technologie de Compiègne (UTC) - Université de Lorraine - Université de Rouen Normandie - Université de Montpellier - Université de Strasbourg - Université Paris Dauphine-PSL - Sciences Po - Université de Rennes 1 - Université de Bordeaux - Télécom Paris - Université de Reims Champagne-Ardenne - Université de Caen Normandie - Mines ParisTech - Université de Nice - Côte d’Azur - Université Grenoble Alpes - Université de Pau et des Pays de l’Adour - Université Toulouse III - Paul Sabatier - Université de Valenciennes - INSA Lyon - Université de Technologie de Belfort-Montbéliard (UTBM) - Université du Mans - ENS Lyon - Université de Lille - Université de Nantes - Sorbonne Université - Université Paris-Est Créteil (UPEC) - Université d’Artois - ESSEC Business School - CentraleSupélec - Université Paris 1 Panthéon-Sorbonne - Université de Technologie de Troyes (UTT) - Université de Limoges - Université de Tours - Université de Franche-Comté
Etudiant,David,Université Paris 1 Panthéon-Sorbonne - Université de Limoges - Université Paris Nanterre - Université Gustave Eiffel - Université Paris-Saclay - ENS Lyon - ENSAE Paris - Université de Tours - École Polytechnique - Université de Valenciennes - Université Paris 8 Vincennes-Saint-Denis - Mines ParisTech - Université de Lorraine - Télécom Paris - Université de Rennes 1 - ESSEC Business School - Université Paris Cité - Sorbonne Université - Université de La Réunion - Université Savoie Mont Blanc - Université du Mans - Sciences Po - Université d’Évry-Val-d’Essonne - Université de Nice - Côte d’Azur - Université Paris-Est Créteil (UPEC) - Université de Nantes - Université de Franche-Comté - Université de Perpignan Via Domitia - Université Clermont Auvergne - Université de Lille - Université de Caen Normandie - Université Toulouse III - Paul Sabatier - Université d’Artois - Université Paris Dauphine-PSL - Université de Bordeaux - Université de Reims Champagne-Ardenne - Université de Technologie de Compiègne (UTC) - Université de Poitiers - Université de Pau et des Pays de l’Adour - HEC Paris - Université de Technologie de Troyes (UTT) - EM Lyon - Université de Montpellier - Université de Technologie de Belfort-Montbéliard (UTBM) - Université de Strasbourg - Université d’Orléans - Université de Rouen Normandie - CentraleSupélec - INSA Lyon - Université Grenoble Alpes
Etudiant,Alphonse,Université Paris Nanterre - Université de Poitiers - ENS Lyon - Université de Caen Normandie - Université Gustave Eiffel - Université Paris 1 Panthéon-Sorbonne - Université d’Évry-Val-d’Essonne - Université Grenoble Alpes - Université Paris Dauphine-PSL - Université d’Artois - Université de Valenciennes - Université de Technologie de Compiègne (UTC) - Université de Montpellier - Université de Technologie de Troyes (UTT) - Université de Technologie de Belfort-Montbéliard (UTBM) - Sorbonne Université - Université de Rennes 1 - INSA Lyon - Université Toulouse III - Paul Sabatier - ENSAE Paris - Université de Pau et des Pays de l’Adour - Université d’Orléans - Université de Lorraine - Université Paris-Saclay - Télécom Paris - Université de Nantes - ESSEC Business School - Université Savoie Mont Blanc - HEC Paris - Université Paris-Est Créteil (UPEC) - Université de Reims Champagne-Ardenne - Université de Limoges - Université de Lille - Université Paris Cité - Université de Franche-Comté - Université de La Réunion - École Polytechnique - Université de Rouen Normandie - CentraleSupélec - Université de Perpignan Via Domitia - Université Paris 8 Vincennes-Saint-Denis - Mines ParisTech - Université Clermont Auvergne - Sciences Po - Université de Tours - EM Lyon - Université du Mans - Université de Nice - Côte d’Azur - Université de Bordeaux - Université de Strasbourg
Etudiant,Nath,Université de Strasbourg - Université Paris 1 Panthéon-Sorbonne - Université de Rouen Normandie - Sciences Po - Université de La Réunion - HEC Paris - Télécom Paris - ENS Lyon - Université de Nantes - Université de Technologie de Belfort-Montbéliard (UTBM) - Université de Technologie de Compiègne (UTC) - Université Grenoble Alpes - Université de Technologie de Troyes (UTT) - Université de Reims Champagne-Ardenne - Université du Mans - Université Paris-Est Créteil (UPEC) - ESSEC Business School - Université de Valenciennes - Université Clermont Auvergne - Université de Montpellier - Université Gustave Eiffel - Université de Franche-Comté - Université Paris Cité - Université de Lorraine - Sorbonne Université - Université Paris Dauphine-PSL - ENSAE Paris - Université Paris 8 Vincennes-Saint-Denis - Université Toulouse III - Paul Sabatier - Mines ParisTech - Université de Perpignan Via Domitia - Université Savoie Mont Blanc - Université d’Évry-Val-d’Essonne - Université de Rennes 1 - Université de Nice - Côte d’Azur - Université Paris-Saclay - Université de Poitiers - CentraleSupélec - Université de Bordeaux - Université d’Orléans - Université de Lille - EM Lyon - Université de Tours - Université de Pau et des Pays de l’Adour - Université d’Artois - Université Paris Nanterre - Université de Limoges - École Polytechnique - Université de Caen Normandie - INSA Lyon
Etudiant,Mathilde,Sorbonne Université - École Polytechnique - Université de Bordeaux - ENS Lyon - Université de Technologie de Compiègne (UTC) - Université Paris 8 Vincennes-Saint-Denis - Université d’Artois - Université Gustave Eiffel - ENSAE Paris - Université Paris Dauphine-PSL - Université de Limoges - Mines ParisTech - Université de Technologie de Belfort-Montbéliard (UTBM) - Université de Reims Champagne-Ardenne - Université de Technologie de Troyes (UTT) - Université de Valenciennes - Université de Rouen Normandie - Université de Lorraine - Université de Strasbourg - Université du Mans - Université d’Orléans - Université Grenoble Alpes - Université de Rennes 1 - INSA Lyon - ESSEC Business School - Université de Franche-Comté - Université Paris-Est Créteil (UPEC) - Sciences Po - CentraleSupélec - Université de Perpignan Via Domitia - Université d’Évry-Val-d’Essonne - Université Clermont Auvergne - Université de Montpellier - Université de La Réunion - Télécom Paris - Université de Caen Normandie - EM Lyon - Université Paris-Saclay - Université Paris 1 Panthéon-Sorbonne - Université de Pau et des Pays de l’Adour - HEC Paris - Université Paris Nanterre - Université Savoie Mont Blanc - Université de Tours - Université de Lille - Université de Nice - Côte d’Azur - Université Toulouse III - Paul Sabatier - Université de Nantes - Université de Poitiers - Université Paris Cité
Etudiant,Valérie,Université de Nice - Côte d’Azur - Université de Montpellier - ENSAE Paris - Université de Nantes - Université de Limoges - Université de Bordeaux - Université de Franche-Comté - Université Paris Cité - Université de Perpignan Via Domitia - Université de Technologie de Troyes (UTT) - Université Paris-Est Créteil (UPEC) - INSA Lyon - Télécom Paris - Université Clermont Auvergne - Mines ParisTech - Sorbonne Université - Université de Reims Champagne-Ardenne - Université de Technologie de Compiègne (UTC) - Université de Caen Normandie - Université de Technologie de Belfort-Montbéliard (UTBM) - Université Savoie Mont Blanc - Université Gustave Eiffel - Université Grenoble Alpes - Université d’Évry-Val-d’Essonne - Université de Rennes 1 - Sciences Po - CentraleSupélec - Université de La Réunion - HEC Paris - Université de Strasbourg - ENS Lyon - ESSEC Business School - Université Paris 8 Vincennes-Saint-Denis - Université d’Artois - Université de Lille - Université Paris Dauphine-PSL - Université d’Orléans - Université de Valenciennes - Université Toulouse III - Paul Sabatier - Université de Rouen Normandie - Université de Tours - Université Paris 1 Panthéon-Sorbonne - Université Paris-Saclay - Université de Poitiers - Université de Pau et des Pays de l’Adour - Université Paris Nanterre - Université de Lorraine - École Polytechnique - Université du Mans - EM Lyon
Etudiant,Anastasie,Université Grenoble Alpes - Université de Reims Champagne-Ardenne - ENSAE Paris - Sciences Po - Université de Pau et des Pays de l’Adour - Université de Franche-Comté - Université de Limoges - Université de Tours - Université d’Artois - Université Paris-Saclay - Télécom Paris - Université du Mans - Université Paris-Est Créteil (UPEC) - Université Toulouse III - Paul Sabatier - Université de Valenciennes - Université d’Évry-Val-d’Essonne - ESSEC Business School - Université de Lorraine - Université de Technologie de Belfort-Montbéliard (UTBM) - Université de Technologie de Troyes (UTT) - Université de Rouen Normandie - Université de Strasbourg - Université de Caen Normandie - Université de Rennes 1 - Université de La Réunion - Université Paris 1 Panthéon-Sorbonne - Université de Nice - Côte d’Azur - Université Gustave Eiffel - Université Savoie Mont Blanc - Université de Montpellier - Université de Bordeaux - Université de Poitiers - Université de Nantes - ENS Lyon - Université Paris Cité - Sorbonne Université - Université de Technologie de Compiègne (UTC) - INSA Lyon - Université de Perpignan Via Domitia - Université Paris Dauphine-PSL - École Polytechnique - Université Paris 8 Vincennes-Saint-Denis - HEC Paris - Université Clermont Auvergne - CentraleSupélec - Université d’Orléans - Mines ParisTech - Université de Lille - EM Lyon - Université Paris Nanterre
Etudiant,Philippine,Université de Poitiers - Université Grenoble Alpes - Université Gustave Eiffel - Université Paris-Est Créteil (UPEC) - Université Paris Cité - Université de Franche-Comté - Université d’Orléans - Université de Technologie de Troyes (UTT) - Université de Rennes 1 - Université de Lorraine - ENS Lyon - ESSEC Business School - Sorbonne Université - Université du Mans - INSA Lyon - École Polytechnique - Université de Pau et des Pays de l’Adour - Université d’Évry-Val-d’Essonne - HEC Paris - Université de Caen Normandie - Mines ParisTech - CentraleSupélec - Université de Perpignan Via Domitia - Sciences Po - Télécom Paris - Université Toulouse III - Paul Sabatier - Université de Nice - Côte d’Azur - Université Paris Nanterre - Université de Tours - Université de Lille - Université de Montpellier - Université de Bordeaux - Université Paris 8 Vincennes-Saint-Denis - Université de Strasbourg - ENSAE Paris - Université Paris-Saclay - Université Paris 1 Panthéon-Sorbonne - Université d’Artois - EM Lyon - Université Clermont Auvergne - Université de Technologie de Belfort-Montbéliard (UTBM) - Université de Technologie de Compiègne (UTC) - Université Paris Dauphine-PSL - Université de Nantes - Université de Reims Champagne-Ardenne - Université de Rouen Normandie - Université de Limoges - Université Savoie Mont Blanc - Université de La Réunion - Université de Valenciennes
Etudiant,Virginie,Université de Lorraine - Université de Nantes - HEC Paris - Télécom Paris - Mines ParisTech - Université Clermont Auvergne - Université Paris Nanterre - Université de Technologie de Troyes (UTT) - Université Paris 8 Vincennes-Saint-Denis - Université de La Réunion - Université de Rouen Normandie - EM Lyon - Université de Valenciennes - Université de Rennes 1 - Université de Tours - Université d’Orléans - Sciences Po - Université de Caen Normandie - Université de Technologie de Belfort-Montbéliard (UTBM) - ENSAE Paris - Université Savoie Mont Blanc - Université Paris-Saclay - Université de Limoges - ENS Lyon - Université Paris Dauphine-PSL - Université d’Évry-Val-d’Essonne - Université de Lille - Université du Mans - Université Paris 1 Panthéon-Sorbonne - Université de Perpignan Via Domitia - INSA Lyon - Université d’Artois - Université de Montpellier - Université Toulouse III - Paul Sabatier - Université de Technologie de Compiègne (UTC) - CentraleSupélec - Université de Poitiers - Université de Franche-Comté - Université Paris-Est Créteil (UPEC) - Université de Nice - Côte d’Azur - Université Grenoble Alpes - Université de Reims Champagne-Ardenne - Université Paris Cité - ESSEC Business School - Université Gustave Eiffel - Université de Bordeaux - École Polytechnique - Sorbonne Université - Université de Pau et des Pays de l’Adour - Université de Strasbourg
Etudiant,Aurélie,Université de Rennes 1 - Université de Pau et des Pays de l’Adour - Université de Nantes - Université d’Artois - Université de Technologie de Compiègne (UTC) - Université de La Réunion - Université de Tours - Université de Valenciennes - Université de Bordeaux - Université de Lorraine - Université Paris 8 Vincennes-Saint-Denis - Université de Caen Normandie - Télécom Paris - Université de Reims Champagne-Ardenne - CentraleSupélec - EM Lyon - Université de Perpignan Via Domitia - Université de Limoges - ESSEC Business School - Université du Mans - Université d’Orléans - Université Savoie Mont Blanc - Université de Franche-Comté - Université de Technologie de Belfort-Montbéliard (UTBM) - Université Paris Dauphine-PSL - Université de Rouen Normandie - Université Paris-Saclay - Université de Technologie de Troyes (UTT) - École Polytechnique - Université Gustave Eiffel - Université de Strasbourg - Université de Lille - Université Paris-Est Créteil (UPEC) - HEC Paris - ENS Lyon - Sorbonne Université - Université Paris Nanterre - Sciences Po - ENSAE Paris - Mines ParisTech - Université Clermont Auvergne - Université de Montpellier - Université d’Évry-Val-d’Essonne - Université Grenoble Alpes - Université de Nice - Côte d’Azur - Université Paris Cité - Université de Poitiers - INSA Lyon - Université Paris 1 Panthéon-Sorbonne - Université Toulouse III - Paul Sabatier
Etudiant,Bertrand,Université de Technologie de Belfort-Montbéliard (UTBM) - Université de Strasbourg - Université du Mans - Université de Bordeaux - Université de Nantes - Université de Rennes 1 - Université de Nice - Côte d’Azur - Université Paris 1 Panthéon-Sorbonne - Université d’Évry-Val-d’Essonne - Université d’Orléans - EM Lyon - Université de Poitiers - Sorbonne Université - Université Paris-Est Créteil (UPEC) - Université de Perpignan Via Domitia - Université de Lorraine - Université de Caen Normandie - Université Paris Dauphine-PSL - Université de Tours - Université Paris-Saclay - ENS Lyon - Sciences Po - CentraleSupélec - Université de Franche-Comté - ESSEC Business School - Université de Lille - Université Savoie Mont Blanc - Université de Montpellier - Université de Pau et des Pays de l’Adour - Université Toulouse III - Paul Sabatier - École Polytechnique - Université de Rouen Normandie - HEC Paris - Université de Limoges - Université Grenoble Alpes - Université de La Réunion - INSA Lyon - Université de Technologie de Compiègne (UTC) - Université Gustave Eiffel - Université Paris Nanterre - Université de Technologie de Troyes (UTT) - Mines ParisTech - Université Paris 8 Vincennes-Saint-Denis - Université Paris Cité - Université de Valenciennes - Télécom Paris - Université Clermont Auvergne - Université d’Artois - ENSAE Paris - Université de Reims Champagne-Ardenne
Etudiant,Anouk,Télécom Paris - HEC Paris - ENS Lyon - Université de Nantes - École Polytechnique - Université de Pau et des Pays de l’Adour - Université Toulouse III - Paul Sabatier - Université Clermont Auvergne - Université Paris Dauphine-PSL - Université Paris-Est Créteil (UPEC) - Université Paris Cité - Université Grenoble Alpes - Université Gustave Eiffel - ENSAE Paris - Université de Strasbourg - Université Paris Nanterre - Université Paris 8 Vincennes-Saint-Denis - Université de Tours - EM Lyon - CentraleSupélec - Université de La Réunion - Université de Technologie de Troyes (UTT) - Université d’Évry-Val-d’Essonne - Mines ParisTech - Université de Bordeaux - Université de Poitiers - Université de Lille - Université de Nice - Côte d’Azur - Université Paris-Saclay - Université d’Orléans - Université de Rouen Normandie - ESSEC Business School - INSA Lyon - Sciences Po - Université de Caen Normandie - Université Paris 1 Panthéon-Sorbonne - Université de Technologie de Belfort-Montbéliard (UTBM) - Université du Mans - Université de Lorraine - Université de Perpignan Via Domitia - Université de Limoges - Université de Reims Champagne-Ardenne - Université de Valenciennes - Université d’Artois - Université de Franche-Comté - Université Savoie Mont Blanc - Université de Montpellier - Sorbonne Université - Université de Technologie de Compiègne (UTC) - Université de Rennes 1
Etudiant,Alexandrie,Mines ParisTech - ENSAE Paris - Université Grenoble Alpes - Université Paris-Est Créteil (UPEC) - Université de Lorraine - Université de Limoges - Université Paris Dauphine-PSL - Université de Montpellier - Université de Technologie de Troyes (UTT) - Université Clermont Auvergne - École Polytechnique - Université de Bordeaux - Université de Technologie de Compiègne (UTC) - CentraleSupélec - HEC Paris - Université Paris 8 Vincennes-Saint-Denis - Université de Lille - Université de Pau et des Pays de l’Adour - Université de La Réunion - Université de Franche-Comté - ENS Lyon - Université de Technologie de Belfort-Montbéliard (UTBM) - Université Paris Nanterre - Université Toulouse III - Paul Sabatier - Université de Poitiers - Sorbonne Université - Université Paris-Saclay - Université de Rouen Normandie - Université de Strasbourg - Université de Nice - Côte d’Azur - Université Paris Cité - Université d’Orléans - ESSEC Business School - Université de Reims Champagne-Ardenne - INSA Lyon - Université de Rennes 1 - Université de Tours - Université Paris 1 Panthéon-Sorbonne - Université du Mans - Université de Perpignan Via Domitia - Télécom Paris - Université d’Artois - Université de Valenciennes - Université Savoie Mont Blanc - Université Gustave Eiffel - Université de Nantes - EM Lyon - Université d’Évry-Val-d’Essonne - Université de Caen Normandie - Sciences Po
Etudiant,Patricia,Université de Pau et des Pays de l’Adour - Université de Nice - Côte d’Azur - Université Paris Cité - Université de Rennes 1 - Sorbonne Université - HEC Paris - Université Gustave Eiffel - Université du Mans - ESSEC Business School - Université de Valenciennes - Université de Poitiers - Université de Reims Champagne-Ardenne - ENS Lyon - Université de Limoges - EM Lyon - Université d’Évry-Val-d’Essonne - Université de Technologie de Troyes (UTT) - ENSAE Paris - Université de Technologie de Belfort-Montbéliard (UTBM) - Université Paris 1 Panthéon-Sorbonne - École Polytechnique - Université de Tours - Université de Perpignan Via Domitia - Université de Montpellier - INSA Lyon - Université de Rouen Normandie - Université Paris Dauphine-PSL - Université d’Orléans - Université de Lorraine - Université Toulouse III - Paul Sabatier - Université de Technologie de Compiègne (UTC) - Université Paris 8 Vincennes-Saint-Denis - Université de Caen Normandie - Université Savoie Mont Blanc - Mines ParisTech - Université de Lille - Télécom Paris - Université d’Artois - Université de Strasbourg - Université de La Réunion - Université de Bordeaux - Université de Nantes - CentraleSupélec - Sciences Po - Université Paris-Est Créteil (UPEC) - Université de Franche-Comté - Université Paris-Saclay - Université Paris Nanterre - Université Clermont Auvergne - Université Grenoble Alpes
Etudiant,Édith,Université de Technologie de Compiègne (UTC) - Université de Bordeaux - Université de Poitiers - Université Toulouse III - Paul Sabatier - Université de La Réunion - Université Paris Cité - Université Paris-Est Créteil (UPEC) - Université Paris-Saclay - ENS Lyon - Université de Perpignan Via Domitia - Université d’Orléans - Université Grenoble Alpes - Université de Technologie de Belfort-Montbéliard (UTBM) - Université Paris Dauphine-PSL - Université Clermont Auvergne - Université de Valenciennes - Université de Rennes 1 - École Polytechnique - Université Paris Nanterre - Université de Reims Champagne-Ardenne - Sorbonne Université - Université de Technologie de Troyes (UTT) - Université de Montpellier - INSA Lyon - Université de Limoges - Université de Lorraine - Université de Franche-Comté - Université de Nantes - Université de Pau et des Pays de l’Adour - Université de Strasbourg - Université de Tours - Mines ParisTech - Université Savoie Mont Blanc - ENSAE Paris - Université d’Évry-Val-d’Essonne - Université de Lille - HEC Paris - CentraleSupélec - Université du Mans - Université Paris 1 Panthéon-Sorbonne - Université d’Artois - Université de Caen Normandie - Sciences Po - Université de Nice - Côte d’Azur - EM Lyon - Télécom Paris - Université Paris 8 Vincennes-Saint-Denis - ESSEC Business School - Université Gustave Eiffel - Université de Rouen Normandie
Etudiant,Denis,Université Paris Cité - Université Gustave Eiffel - Université de Nantes - Université d’Artois - Université de Pau et des Pays de l’Adour - Université de Poitiers - Université Toulouse III - Paul Sabatier - Université de Montpellier - Université d’Orléans - Université de La Réunion - Université de Valenciennes - Université de Strasbourg - ENS Lyon - HEC Paris - Université du Mans - Télécom Paris - Université d’Évry-Val-d’Essonne - Université de Nice - Côte d’Azur - Université de Technologie de Belfort-Montbéliard (UTBM) - Université de Technologie de Compiègne (UTC) - Sorbonne Université - Université de Lorraine - Université Paris 8 Vincennes-Saint-Denis - Université Clermont Auvergne - Université Savoie Mont Blanc - Université de Caen Normandie - Université de Reims Champagne-Ardenne - Mines ParisTech - Université de Rouen Normandie - Université Paris Nanterre - Université Paris-Est Créteil (UPEC) - Université de Franche-Comté - Sciences Po - Université de Perpignan Via Domitia - Université de Limoges - École Polytechnique - EM Lyon - INSA Lyon - Université Paris 1 Panthéon-Sorbonne - Université Paris Dauphine-PSL - Université de Bordeaux - CentraleSupélec - Université de Rennes 1 - ESSEC Business School - Université de Lille - Université Paris-Saclay - Université de Tours - ENSAE Paris - Université de Technologie de Troyes (UTT) - Université Grenoble Alpes
Etudiant,Dominique,Université de Nantes - Université de Lille - EM Lyon - CentraleSupélec - Université d’Évry-Val-d’Essonne - Université de Technologie de Compiègne (UTC) - Université Toulouse III - Paul Sabatier - Télécom Paris - Université Paris Dauphine-PSL - Université Grenoble Alpes - Université de Reims Champagne-Ardenne - Université de Poitiers - Université Paris 8 Vincennes-Saint-Denis - Université de Rennes 1 - Sorbonne Université - Université Savoie Mont Blanc - Université de Technologie de Troyes (UTT) - Université d’Orléans - ESSEC Business School - Université Paris-Est Créteil (UPEC) - Université Paris Nanterre - Université de Lorraine - ENSAE Paris - ENS Lyon - Sciences Po - Université Paris Cité - HEC Paris - Université d’Artois - École Polytechnique - Université de Rouen Normandie - Université de Valenciennes - Université de Strasbourg - Université de La Réunion - Université Paris 1 Panthéon-Sorbonne - Université de Pau et des Pays de l’Adour - Université de Tours - Université Paris-Saclay - Mines ParisTech - Université du Mans - Université de Montpellier - INSA Lyon - Université de Nice - Côte d’Azur - Université de Bordeaux - Université Gustave Eiffel - Université Clermont Auvergne - Université de Perpignan Via Domitia - Université de Limoges - Université de Technologie de Belfort-Montbéliard (UTBM) - Université de Franche-Comté - Université de Caen Normandie
Etudiant,Aimée,Université Paris 1 Panthéon-Sorbonne - Université Gustave Eiffel - Université Paris-Est Créteil (UPEC) - Université de Lille - Université de Technologie de Troyes (UTT) - Université du Mans - Sciences Po - Université de Caen Normandie - Université Clermont Auvergne - Université de Nantes - HEC Paris - Université de Montpellier - Université de Pau et des Pays de l’Adour - ENS Lyon - ESSEC Business School - Université de Perpignan Via Domitia - Université Paris 8 Vincennes-Saint-Denis - Université de Reims Champagne-Ardenne - Université Paris-Saclay - Université Toulouse III - Paul Sabatier - EM Lyon - Université de Technologie de Belfort-Montbéliard (UTBM) - Université de Franche-Comté - Université Grenoble Alpes - Université de Strasbourg - Université d’Évry-Val-d’Essonne - École Polytechnique - INSA Lyon - Université de Bordeaux - Université de La Réunion - Université de Valenciennes - Université de Rennes 1 - Université de Rouen Normandie - Université Savoie Mont Blanc - Université d’Artois - Université de Technologie de Compiègne (UTC) - Mines ParisTech - Télécom Paris - Université Paris Cité - Université de Tours - Université de Nice - Côte d’Azur - Université Paris Dauphine-PSL - CentraleSupélec - Université de Poitiers - Université de Limoges - Sorbonne Université - Université Paris Nanterre - ENSAE Paris - Université de Lorraine - Université d’Orléans
Etudiant,Valentine,Université de Limoges - Université Clermont Auvergne - Université Paris-Est Créteil (UPEC) - Sciences Po - Université de Nice - Côte d’Azur - Université de Pau et des Pays de l’Adour - Université Paris-Saclay - Université Paris 1 Panthéon-Sorbonne - ESSEC Business School - Université de Lorraine - Université de Technologie de Troyes (UTT) - Université Gustave Eiffel - École Polytechnique - Université Paris Dauphine-PSL - Université de Technologie de Belfort-Montbéliard (UTBM) - Université Paris Cité - Université de Franche-Comté - CentraleSupélec - Mines ParisTech - Université de Poitiers - Université de La Réunion - Université de Strasbourg - Université d’Orléans - Université Savoie Mont Blanc - ENS Lyon - Université Paris 8 Vincennes-Saint-Denis - Université Paris Nanterre - Télécom Paris - Université de Rouen Normandie - Université Toulouse III - Paul Sabatier - Université du Mans - Université de Reims Champagne-Ardenne - Université de Valenciennes - INSA Lyon - Sorbonne Université - Université de Technologie de Compiègne (UTC) - Université de Lille - Université de Rennes 1 - Université d’Artois - Université de Caen Normandie - ENSAE Paris - HEC Paris - Université d’Évry-Val-d’Essonne - Université de Perpignan Via Domitia - Université de Tours - EM Lyon - Université de Nantes - Université de Montpellier - Université de Bordeaux - Université Grenoble Alpes
Etudiant,Claire,Université de La Réunion - Université de Nantes - Université de Technologie de Compiègne (UTC) - Mines ParisTech - Université de Poitiers - Université de Rouen Normandie - Sciences Po - École Polytechnique - Université de Montpellier - Université d’Orléans - Université de Rennes 1 - ESSEC Business School - Université Grenoble Alpes - Université Toulouse III - Paul Sabatier - Université de Lorraine - Université Gustave Eiffel - Université Clermont Auvergne - Université d’Artois - Université de Reims Champagne-Ardenne - Université Paris Dauphine-PSL - Université du Mans - Télécom Paris - Université Paris 8 Vincennes-Saint-Denis - Université de Nice - Côte d’Azur - Université Paris-Saclay - Université de Technologie de Belfort-Montbéliard (UTBM) - Université de Perpignan Via Domitia - Université de Strasbourg - Université de Franche-Comté - Université Paris Cité - Université Paris Nanterre - Université de Lille - Université de Valenciennes - ENSAE Paris - Université de Bordeaux - Université Savoie Mont Blanc - Université d’Évry-Val-d’Essonne - Université de Limoges - Sorbonne Université - Université de Pau et des Pays de l’Adour - Université de Tours - Université de Caen Normandie - Université Paris 1 Panthéon-Sorbonne - CentraleSupélec - Université de Technologie de Troyes (UTT) - Université Paris-Est Créteil (UPEC) - ENS Lyon - HEC Paris - EM Lyon - INSA Lyon
Etudiant,Henriette,Université de Lorraine - Université du Mans - Université de Perpignan Via Domitia - Université Savoie Mont Blanc - Université de La Réunion - Université Paris Dauphine-PSL - ENSAE Paris - Sorbonne Université - ESSEC Business School - EM Lyon - Université de Pau et des Pays de l’Adour - Université de Rennes 1 - Sciences Po - École Polytechnique - Université de Caen Normandie - Université Clermont Auvergne - Université d’Artois - Université Paris-Est Créteil (UPEC) - Université d’Orléans - Université Paris 1 Panthéon-Sorbonne - Université de Rouen Normandie - CentraleSupélec - Université de Poitiers - Mines ParisTech - Université de Nice - Côte d’Azur - Université Paris 8 Vincennes-Saint-Denis - Télécom Paris - Université Paris Nanterre - Université Paris-Saclay - Université de Limoges - Université de Tours - Université d’Évry-Val-d’Essonne - Université de Montpellier - Université de Technologie de Compiègne (UTC) - Université de Valenciennes - Université de Reims Champagne-Ardenne - Université de Technologie de Troyes (UTT) - Université Gustave Eiffel - Université de Technologie de Belfort-Montbéliard (UTBM) - Université de Lille - Université Grenoble Alpes - ENS Lyon - Université de Strasbourg - Université de Bordeaux - Université de Franche-Comté - Université Toulouse III - Paul Sabatier - INSA Lyon - HEC Paris - Université de Nantes - Université Paris Cité
Etudiant,Noël,Université Paris Nanterre - Université de Nantes - Université Grenoble Alpes - Université de Perpignan Via Domitia - INSA Lyon - Sciences Po - HEC Paris - Université de Limoges - Université d’Artois - Télécom Paris - Université d’Évry-Val-d’Essonne - Université de Strasbourg - Université Clermont Auvergne - EM Lyon - Université de Technologie de Compiègne (UTC) - Université Paris 1 Panthéon-Sorbonne - Université de Technologie de Troyes (UTT) - Université de Montpellier - Université Paris-Saclay - CentraleSupélec - Université de Bordeaux - Université de Pau et des Pays de l’Adour - Université Savoie Mont Blanc - Université Paris Dauphine-PSL - Université de La Réunion - Université d’Orléans - Université de Lorraine - Sorbonne Université - ENSAE Paris - Université Paris Cité - Université Gustave Eiffel - Université de Rennes 1 - Université de Tours - ENS Lyon - Université de Rouen Normandie - Université de Technologie de Belfort-Montbéliard (UTBM) - ESSEC Business School - Université de Franche-Comté - Université de Caen Normandie - Université de Valenciennes - Mines ParisTech - Université de Poitiers - Université de Lille - Université Paris-Est Créteil (UPEC) - Université de Nice - Côte d’Azur - Université du Mans - Université Paris 8 Vincennes-Saint-Denis - Université de Reims Champagne-Ardenne - Université Toulouse III - Paul Sabatier - École Polytechnique
Etudiant,Benoît,Université Grenoble Alpes - Université Paris Cité - Sorbonne Université - Université de Technologie de Compiègne (UTC) - Université de Valenciennes - Université Toulouse III - Paul Sabatier - Télécom Paris - Université de Pau et des Pays de l’Adour - Université Paris 1 Panthéon-Sorbonne - Université de Nantes - Université Paris Nanterre - Sciences Po - Université de Lorraine - ENSAE Paris - Université de Franche-Comté - Université Paris-Saclay - Université de Montpellier - Université de Rennes 1 - Université Paris Dauphine-PSL - Université de Technologie de Troyes (UTT) - École Polytechnique - Mines ParisTech - ENS Lyon - Université de Lille - Université de Limoges - Université Savoie Mont Blanc - Université de Poitiers - EM Lyon - Université de Perpignan Via Domitia - Université d’Orléans - Université Clermont Auvergne - Université Paris 8 Vincennes-Saint-Denis - Université d’Artois - Université de La Réunion - INSA Lyon - CentraleSupélec - Université de Caen Normandie - Université de Bordeaux - Université d’Évry-Val-d’Essonne - Université de Tours - Université Paris-Est Créteil (UPEC) - Université Gustave Eiffel - Université de Rouen Normandie - Université de Strasbourg - Université de Technologie de Belfort-Montbéliard (UTBM) - ESSEC Business School - Université du Mans - HEC Paris - Université de Nice - Côte d’Azur - Université de Reims Champagne-Ardenne

Ecole,INSA Lyon,Étienne - Alexandrie - Aurélie - Dominique - Jeannine - Aimée - Denis - Jules - Paulette - Michelle - Valérie - Philippine - Chantal - Benoît - Julien - Guillaume - Pauline - Adrien - Patrick - David - Alphonse - Édith - Laure - Marie - Alain - Maryse - Arthur - Henriette - Bertrand - Victor - Thibaut - Jean - Noël - François - Anouk - Emmanuelle - Élise - Jérôme - Laurence - Louise - Virginie - Anaïs - Nath - Anastasie - Valentine - Claire - Martin - Margot - Mathilde - Patricia
Ecole,Université de Lorraine,Emmanuelle - Aurélie - Julien - Maryse - Louise - Dominique - Paulette - Victor - Patricia - Alexandrie - Anouk - Margot - Alphonse - Denis - François - Aimée - Adrien - Jean - Nath - David - Étienne - Jérôme - Élise - Virginie - Valérie - Patrick - Mathilde - Philippine - Marie - Laurence - Bertrand - Édith - Noël - Henriette - Laure - Jeannine - Anastasie - Alain - Anaïs - Martin - Thibaut - Michelle - Chantal - Claire - Guillaume - Valentine - Arthur - Jules - Benoît - Pauline
Ecole,Université de Valenciennes,Thibaut - Maryse - Guillaume - Jérôme - Arthur - Anastasie - Noël - Alphonse - Alexandrie - Benoît - Claire - Aimée - Paulette - Élise - Aurélie - Jeannine - Patricia - Valentine - Dominique - Jean - Laurence - Louise - Valérie - Anouk - Chantal - Anaïs - Philippine - Jules - Alain - Laure - Adrien - Mathilde - Martin - Étienne - Bertrand - Virginie - François - Nath - Margot - Julien - Emmanuelle - David - Pauline - Henriette - Denis - Victor - Édith - Michelle - Patrick - Marie
Ecole,Université de Limoges,Étienne - Jean - Patrick - Henriette - Paulette - Valérie - Jules - Pauline - Jeannine - Nath - Adrien - David - Anastasie - Alain - Guillaume - Virginie - Laurence - Martin - Laure - Chantal - Alphonse - Dominique - Denis - Philippine - Mathilde - Maryse - Victor - Anouk - Édith - Arthur - François - Thibaut - Noël - Benoît - Aurélie - Bertrand - Marie - Claire - Julien - Aimée - Anaïs - Élise - Michelle - Valentine - Louise - Alexandrie - Margot - Jérôme - Patricia - Emmanuelle
Ecole,Université d’Artois,Anastasie - Pauline - Laure - Bertrand - Alexandrie - Emmanuelle - Claire - Nath - Arthur - Guillaume - Philippine - Thibaut - Virginie - Aimée - Patrick - Alain - Jérôme - Dominique - Benoît - Henriette - Paulette - Laurence - Aurélie - Anaïs - Valentine - Margot - Alphonse - Jean - Édith - Patricia - Denis - Martin - Maryse - Anouk - Jules - Michelle - Noël - Louise - Adrien - Victor - François - Élise - Jeannine - Chantal - Étienne - Julien - Valérie - Marie - David - Mathilde
Ecole,Université Paris Dauphine-PSL,Philippine - Julien - Aurélie - Jean - Élise - Marie - Jérôme - Mathilde - Alexandrie - Paulette - Aimée - Patrick - David - Pauline - Dominique - Victor - Anaïs - Valentine - Michelle - Édith - Claire - Étienne - Anouk - Thibaut - Martin - Maryse - Arthur - Alain - Bertrand - Louise - Guillaume - Valérie - Laurence - Jules - Chantal - Denis - Benoît - Adrien - Jeannine - Virginie - Noël - Henriette - Nath - Alphonse - François - Anastasie - Patricia - Margot - Laure - Emmanuelle
Ecole,CentraleSupélec,Valentine - Laure - Noël - Pauline - Jérôme - Virginie - Maryse - Élise - Paulette - Henriette - Valérie - Aimée - Mathilde - Patrick - Margot - Jeannine - Jean - Philippine - Denis - Aurélie - Arthur - Adrien - Alexandrie - Dominique - Édith - Julien - Anaïs - Claire - Alphonse - Martin - Thibaut - Benoît - Victor - Bertrand - Patricia - Guillaume - Michelle - Jules - Emmanuelle - Marie - Anastasie - Laurence - Chantal - François - Anouk - David - Louise - Étienne - Nath - Alain
Ecole,Université du Mans,Valentine - Patricia - Anaïs - Benoît - Guillaume - Aimée - Virginie - David - Marie - Valérie - Dominique - Chantal - Claire - Édith - François - Alphonse - Victor - Henriette - Emmanuelle - Anastasie - Mathilde - Anouk - Alexandrie - Thibaut - Paulette - Denis - Maryse - Michelle - Laure - Laurence - Jérôme - Étienne - Bertrand - Élise - Noël - Martin - Alain - Margot - Patrick - Philippine - Arthur - Jeannine - Louise - Julien - Jean - Pauline - Nath - Adrien - Aurélie - Jules
Ecole,Université Gustave Eiffel,Patrick - Denis - Laure - Valentine - Victor - Claire - Élise - Mathilde - Édith - Aimée - Michelle - Patricia - Alain - Philippine - Henriette - Louise - Chantal - Jules - Anaïs - Maryse - David - Anastasie - Dominique - Bertrand - Alphonse - Emmanuelle - Julien - Pauline - Jean - Alexandrie - Thibaut - Valérie - Nath - Jeannine - Adrien - Étienne - Anouk - Martin - Arthur - Benoît - Paulette - Laurence - Margot - Aurélie - Noël - Jérôme - Virginie - François - Guillaume - Marie
Ecole,Université de Pau et des Pays de l’Adour,Chantal - Philippine - Virginie - Guillaume - Adrien - Pauline - Aurélie - Étienne - Jules - Nath - Arthur - Paulette - Alphonse - Patrick - François - David - Laurence - Jérôme - Anaïs - Bertrand - Julien - Édith - Anouk - Emmanuelle - Claire - Thibaut - Denis - Dominique - Henriette - Anastasie - Margot - Alexandrie - Jean - Laure - Marie - Valérie - Mathilde - Jeannine - Patricia - Michelle - Louise - Élise - Maryse - Noël - Benoît - Victor - Alain - Martin - Aimée - Valentine
Ecole,Université Savoie Mont Blanc,Jérôme - Anouk - Louise - Dominique - Claire - Martin - Aimée - Alphonse - Marie - Nath - Jeannine - Virginie - David - Paulette - Maryse - Jules - Guillaume - Emmanuelle - Victor - Élise - Valérie - Édith - Thibaut - Anaïs - Noël - Michelle - Aurélie - Alain - François - Mathilde - Henriette - Bertrand - Laurence - Étienne - Laure - Julien - Patricia - Benoît - Denis - Chantal - Margot - Patrick - Adrien - Alexandrie - Philippine - Anastasie - Jean - Arthur - Pauline - Valentine
Ecole,Université de Rennes 1,Denis - Laurence - Martin - Paulette - Guillaume - Arthur - Alphonse - Aurélie - Anastasie - Marie - Benoît - Dominique - Valérie - Nath - David - Emmanuelle - Maryse - Étienne - Mathilde - Thibaut - François - Laure - Pauline - Noël - Jérôme - Anaïs - Victor - Valentine - Aimée - Chantal - Michelle - Alexandrie - Philippine - Patricia - Bertrand - Henriette - Claire - Julien - Jules - Adrien - Jeannine - Alain - Margot - Jean - Élise - Anouk - Patrick - Louise - Édith - Virginie
Ecole,Université de Montpellier,Alexandrie - Anouk - François - Marie - Anastasie - Paulette - Maryse - Dominique - Emmanuelle - Valérie - Victor - Élise - Aurélie - Mathilde - Denis - Virginie - Michelle - Henriette - Anaïs - Patricia - Jules - David - Philippine - Bertrand - Alain - Julien - Claire - Édith - Louise - Jérôme - Martin - Jeannine - Margot - Chantal - Laurence - Valentine - Laure - Alphonse - Pauline - Aimée - Benoît - Thibaut - Jean - Arthur - Guillaume - Noël - Adrien - Patrick - Étienne - Nath
Ecole,Université Paris-Est Créteil (UPEC),Victor - Denis - Bertrand - Michelle - Claire - Alexandrie - Margot - Laure - Patrick - Anaïs - Louise - Alphonse - Mathilde - Emmanuelle - Thibaut - Guillaume - Patricia - Pauline - Philippine - Henriette - Jeannine - Virginie - Benoît - Marie - Élise - Paulette - Arthur - Jérôme - Étienne - Noël - David - Laurence - Dominique - Valérie - Nath - Anouk - Anastasie - Chantal - François - Aurélie - Édith - Julien - Martin - Valentine - Adrien - Alain - Jules - Aimée - Maryse - Jean
Ecole,Université de Reims Champagne-Ardenne,Nath - Henriette - Valentine - David - Maryse - Julien - Adrien - Jeannine - Emmanuelle - Denis - Édith - Michelle - Dominique - Valérie - Arthur - Pauline - Étienne - Élise - Guillaume - Jules - François - Noël - Margot - Patricia - Anaïs - Marie - Patrick - Anastasie - Virginie - Alphonse - Louise - Alexandrie - Aurélie - Jean - Aimée - Paulette - Mathilde - Laurence - Victor - Chantal - Anouk - Jérôme - Bertrand - Laure - Thibaut - Philippine - Alain - Claire - Martin - Benoît
Ecole,Université de Technologie de Compiègne (UTC),Édith - Dominique - Pauline - Thibaut - Noël - Aurélie - Nath - Emmanuelle - Alexandrie - Arthur - François - Louise - Benoît - Laurence - Anaïs - David - Aimée - Anouk - Michelle - Jean - Alphonse - Bertrand - Victor - Claire - Martin - Valentine - Valérie - Marie - Étienne - Guillaume - Julien - Patricia - Maryse - Anastasie - Mathilde - Alain - Virginie - Philippine - Margot - Chantal - Jérôme - Élise - Denis - Adrien - Laure - Paulette - Henriette - Jeannine - Jules - Patrick
Ecole,Université d’Orléans,Anouk - Margot - David - Emmanuelle - Jeannine - Anastasie - Adrien - Anaïs - Bertrand - Philippine - Nath - Jean - Édith - Patricia - Alexandrie - Aurélie - Jules - Étienne - Louise - Patrick - Benoît - Michelle - Laurence - François - Élise - Marie - Henriette - Alain - Maryse - Martin - Julien - Virginie - Chantal - Valentine - Laure - Aimée - Denis - Valérie - Guillaume - Victor - Dominique - Noël - Claire - Alphonse - Thibaut - Arthur - Jérôme - Pauline - Paulette - Mathilde
Ecole,Université Paris Nanterre,Philippine - Anastasie - Arthur - Nath - Julien - Jeannine - Édith - Mathilde - Étienne - Pauline - Jérôme - David - Paulette - Michelle - Jules - Adrien - Valérie - Henriette - Virginie - Aurélie - Alexandrie - Chantal - Alphonse - Claire - Laure - Dominique - Margot - Louise - Élise - Bertrand - Maryse - Aimée - Patricia - Anaïs - Jean - Valentine - Emmanuelle - François - Benoît - Anouk - Patrick - Laurence - Guillaume - Thibaut - Martin - Denis - Alain - Victor - Noël - Marie
Ecole,Université de Caen Normandie,Virginie - Jérôme - Guillaume - Valérie - Alphonse - Étienne - Alexandrie - Maryse - Louise - Patricia - Jean - Philippine - Laure - Henriette - Jeannine - Anaïs - Martin - Valentine - Benoît - François - Aurélie - Thibaut - Denis - David - Mathilde - Anastasie - Anouk - Adrien - Aimée - Élise - Laurence - Emmanuelle - Pauline - Bertrand - Dominique - Patrick - Margot - Noël - Victor - Jules - Claire - Nath - Arthur - Marie - Édith - Alain - Julien - Michelle - Paulette - Chantal
Ecole,Université de Perpignan Via Domitia,Patrick - Emmanuelle - Margot - Mathilde - Valérie - Anastasie - Paulette - Alain - Dominique - François - Noël - Anaïs - Henriette - Virginie - Laurence - Nath - Philippine - Aimée - Adrien - Jean - Victor - Jules - Thibaut - Édith - Alexandrie - Chantal - Bertrand - Louise - Valentine - Guillaume - Alphonse - Laure - Aurélie - Patricia - Michelle - David - Pauline - Arthur - Martin - Marie - Étienne - Denis - Jeannine - Maryse - Julien - Anouk - Benoît - Élise - Jérôme - Claire
Ecole,ENS Lyon,Thibaut - Denis - Pauline - Philippine - Laure - Alexandrie - Étienne - Anouk - Louise - Mathilde - Élise - Paulette - Jules - Patricia - Édith - Valérie - Alain - Guillaume - Arthur - Victor - David - Anaïs - Bertrand - François - Henriette - Adrien - Laurence - Julien - Virginie - Jeannine - Jean - Maryse - Patrick - Anastasie - Benoît - Noël - Margot - Aurélie - Marie - Alphonse - Jérôme - Emmanuelle - Martin - Claire - Michelle - Chantal - Dominique - Valentine - Aimée - Nath
Ecole,Université d’Évry-Val-d’Essonne,Jérôme - Aurélie - Élise - Marie - David - Patricia - Maryse - Thibaut - Michelle - Pauline - Emmanuelle - Anaïs - Margot - Bertrand - Paulette - Étienne - Denis - Jean - Noël - Alphonse - Julien - Alexandrie - Adrien - Alain - Guillaume - Henriette - Valérie - Anastasie - Martin - Laure - Louise - Anouk - Dominique - Aimée - Claire - Virginie - Chantal - Philippine - Jeannine - Édith - Victor - Patrick - Mathilde - Benoît - Jules - Valentine - Laurence - François - Arthur - Nath
Ecole,Université Toulouse III - Paul Sabatier,Nath - Guillaume - Anastasie - Anouk - Emmanuelle - Thibaut - Virginie - Pauline - Jules - Margot - Anaïs - Jérôme - Victor - Alain - Marie - Aurélie - Chantal - Philippine - Alphonse - Louise - Mathilde - Michelle - Benoît - Bertrand - Adrien - Étienne - Maryse - Aimée - Alexandrie - Jean - Valérie - Laure - Paulette - Édith - Élise - Laurence - François - Arthur - Patrick - Jeannine - Julien - Claire - Valentine - Dominique - David - Henriette - Denis - Martin - Patricia - Noël
Ecole,Université Grenoble Alpes,Martin - Laurence - Anastasie - Pauline - Nath - Adrien - Victor - Alexandrie - Henriette - Jérôme - Marie - Jean - Patricia - Étienne - Patrick - Aurélie - Chantal - Dominique - Maryse - Virginie - Jules - Laure - Édith - Guillaume - Denis - Jeannine - Mathilde - Alain - Philippine - Benoît - Alphonse - Anouk - Paulette - Anaïs - Claire - Margot - David - Valérie - Emmanuelle - Arthur - Michelle - Julien - Thibaut - François - Valentine - Louise - Aimée - Noël - Bertrand - Élise
Ecole,Université Paris 1 Panthéon-Sorbonne,Pauline - Adrien - Philippine - Virginie - Mathilde - David - Marie - Patrick - Maryse - Alexandrie - Jérôme - Édith - Jules - Nath - Alphonse - Michelle - Martin - Thibaut - Henriette - Margot - Victor - Valentine - Patricia - Étienne - Anaïs - Alain - Benoît - Noël - Guillaume - Valérie - Arthur - Emmanuelle - Bertrand - Aurélie - Laurence - Julien - Jean - Dominique - Paulette - Anouk - Anastasie - Aimée - Élise - Claire - François - Denis - Chantal - Jeannine - Laure - Louise
Ecole,Université Clermont Auvergne,Noël - Henriette - Anastasie - Guillaume - Jeannine - Mathilde - Valentine - Emmanuelle - Patricia - Benoît - Alphonse - Laure - Thibaut - Anaïs - Patrick - Élise - Jérôme - Arthur - Adrien - Michelle - Jules - David - Denis - Marie - Julien - Valérie - Bertrand - Louise - Jean - Dominique - Martin - Paulette - Aurélie - Alain - Victor - Laurence - Philippine - Édith - Chantal - Maryse - Anouk - Virginie - Pauline - Margot - François - Étienne - Claire - Nath - Aimée - Alexandrie
Ecole,ENSAE Paris,Guillaume - Philippine - Victor - Noël - François - Marie - Pauline - Jeannine - Anouk - Alain - Julien - Patricia - Aimée - Élise - Henriette - Michelle - Adrien - Alphonse - Chantal - Anastasie - Valentine - Alexandrie - Denis - Benoît - Arthur - Valérie - Laure - Mathilde - Emmanuelle - Étienne - Martin - Laurence - Louise - Jules - Bertrand - Dominique - Nath - David - Margot - Paulette - Jean - Virginie - Claire - Anaïs - Patrick - Jérôme - Édith - Aurélie - Thibaut - Maryse
Ecole,Mines ParisTech,Henriette - Claire - Jérôme - Pauline - Guillaume - Élise - Julien - Marie - Thibaut - Laurence - Patricia - Alphonse - Louise - Martin - Margot - François - Dominique - Paulette - Arthur - David - Aimée - Anastasie - Édith - Étienne - Mathilde - Emmanuelle - Valentine - Valérie - Patrick - Alain - Virginie - Maryse - Denis - Victor - Chantal - Adrien - Anouk - Alexandrie - Michelle - Jean - Anaïs - Benoît - Noël - Aurélie - Laure - Nath - Philippine - Bertrand - Jeannine - Jules
Ecole,Université de Nantes,Étienne - Jules - Henriette - Chantal - Édith - Julien - Alphonse - Virginie - Martin - Michelle - Philippine - Maryse - Denis - Élise - Laure - Louise - Aurélie - Anaïs - Adrien - François - Anastasie - Jérôme - Victor - Margot - Patricia - Alain - Marie - Valentine - Thibaut - Guillaume - Alexandrie - Benoît - Dominique - Anouk - Nath - Laurence - Jeannine - Valérie - Pauline - Aimée - Claire - Mathilde - Emmanuelle - Arthur - David - Paulette - Jean - Bertrand - Patrick - Noël
Ecole,Sciences Po,Philippine - Patricia - Marie - Paulette - Henriette - Jérôme - Adrien - Maryse - Martin - Jean - Claire - Benoît - Anaïs - Nath - Mathilde - Pauline - Aurélie - Thibaut - Valentine - Alphonse - Anastasie - Michelle - Margot - Alexandrie - Denis - Jeannine - Étienne - Aimée - Patrick - Dominique - Emmanuelle - Louise - Bertrand - Victor - Julien - Valérie - Noël - Chantal - David - Élise - Virginie - Arthur - Guillaume - Laurence - Anouk - Laure - Alain - Jules - François - Édith
Ecole,Université Paris-Saclay,Philippine - Aimée - Adrien - Aurélie - Laurence - François - Alain - Henriette - Bertrand - Élise - Valentine - Jérôme - Benoît - Victor - Jules - Claire - Julien - Denis - Patrick - Paulette - Guillaume - Nath - Édith - Anouk - Anaïs - Chantal - Noël - Alphonse - Jean - Arthur - David - Louise - Patricia - Laure - Pauline - Thibaut - Étienne - Maryse - Marie - Alexandrie - Anastasie - Jeannine - Emmanuelle - Virginie - Mathilde - Martin - Valérie - Michelle - Dominique - Margot
Ecole,Université de Lille,Pauline - Claire - Jean - Marie - Aurélie - Guillaume - Jérôme - Julien - Étienne - Patricia - Margot - Adrien - Dominique - Aimée - Alexandrie - Élise - Alain - Thibaut - Jules - Mathilde - Maryse - Chantal - Laure - Nath - Arthur - Henriette - Noël - François - Victor - Benoît - Michelle - Valentine - Valérie - Patrick - Alphonse - Laurence - Louise - Emmanuelle - Anaïs - Bertrand - David - Philippine - Anouk - Anastasie - Denis - Virginie - Paulette - Jeannine - Édith - Martin
Ecole,Université Paris Cité,Emmanuelle - Virginie - Michelle - Dominique - Marie - François - Arthur - Nath - Henriette - Patrick - Jules - Mathilde - Alain - Anouk - Alexandrie - Julien - Laure - Valérie - Adrien - Paulette - Jérôme - Guillaume - Laurence - Valentine - Benoît - Philippine - Aurélie - Victor - Patricia - David - Maryse - Jean - Pauline - Aimée - Claire - Édith - Louise - Martin - Jeannine - Noël - Chantal - Élise - Anastasie - Anaïs - Denis - Thibaut - Margot - Étienne - Bertrand - Alphonse
Ecole,EM Lyon,Guillaume - Adrien - Aurélie - Marie - Jules - Louise - Michelle - Alain - Benoît - Chantal - Virginie - Martin - Édith - David - Patricia - Jérôme - François - Pauline - Arthur - Noël - Nath - Anouk - Valentine - Aimée - Jean - Alexandrie - Bertrand - Laurence - Laure - Anastasie - Anaïs - Mathilde - Alphonse - Henriette - Denis - Paulette - Maryse - Emmanuelle - Étienne - Margot - Dominique - Patrick - Philippine - Julien - Victor - Thibaut - Claire - Jeannine - Élise - Valérie
Ecole,HEC Paris,Jérôme - Valentine - Philippine - Denis - Thibaut - Adrien - Michelle - Patricia - Laure - Victor - Anouk - Aimée - Guillaume - Virginie - Claire - Maryse - Étienne - Dominique - Élise - Paulette - Martin - Jeannine - Chantal - Nath - Mathilde - Benoît - Anastasie - Marie - Henriette - Alain - Margot - Laurence - Alphonse - Bertrand - Édith - Alexandrie - David - Julien - Jean - Anaïs - François - Louise - Emmanuelle - Patrick - Arthur - Pauline - Noël - Aurélie - Valérie - Jules
Ecole,Université de Bordeaux,Mathilde - Alphonse - Thibaut - Nath - Édith - Claire - Étienne - Anouk - François - Jules - David - Pauline - Élise - Patricia - Noël - Adrien - Margot - Patrick - Alain - Guillaume - Aimée - Aurélie - Victor - Virginie - Laure - Denis - Louise - Laurence - Valérie - Michelle - Henriette - Valentine - Jeannine - Marie - Jérôme - Martin - Anaïs - Julien - Jean - Arthur - Anastasie - Philippine - Alexandrie - Bertrand - Dominique - Chantal - Benoît - Emmanuelle - Maryse - Paulette
Ecole,Université de Poitiers,Benoît - Patrick - Philippine - Jean - Margot - Victor - Valentine - Aimée - Alphonse - Claire - Virginie - Marie - Jules - Julien - Jérôme - Chantal - Dominique - Édith - Élise - Mathilde - Henriette - Laure - Bertrand - Martin - Adrien - Denis - Paulette - François - Louise - Arthur - Anouk - Anastasie - Valérie - Alain - Emmanuelle - Alexandrie - Nath - Noël - Étienne - Maryse - Patricia - Anaïs - Guillaume - Michelle - Pauline - Thibaut - Jeannine - Laurence - Aurélie - David
Ecole,Université de Nice - Côte d’Azur,Patricia - Élise - Valentine - Bertrand - Anouk - Aimée - Margot - Patrick - Arthur - Louise - Thibaut - Martin - Valérie - Mathilde - Jeannine - Anastasie - Philippine - Paulette - Jules - Chantal - David - Dominique - Alain - Emmanuelle - Alexandrie - Guillaume - Denis - Virginie - Laurence - Julien - Henriette - Victor - Alphonse - Pauline - Laure - Maryse - Anaïs - Noël - Claire - Étienne - Aurélie - François - Édith - Benoît - Jean - Adrien - Nath - Marie - Jérôme - Michelle
Ecole,Université Paris 8 Vincennes-Saint-Denis,Jeannine - Margot - Laure - Michelle - Laurence - Martin - Claire - Benoît - Édith - Virginie - Chantal - Alain - Étienne - Aurélie - Emmanuelle - Maryse - Paulette - Valérie - Nath - Denis - Alphonse - Jules - Henriette - Valentine - Julien - Jérôme - Aimée - Adrien - Patrick - Victor - Thibaut - Arthur - Mathilde - David - Alexandrie - Dominique - François - Bertrand - Élise - Anouk - Patricia - Louise - Pauline - Noël - Jean - Marie - Anastasie - Guillaume - Anaïs - Philippine
Ecole,École Polytechnique,Jérôme - Laure - Henriette - Édith - Aurélie - Chantal - David - Anastasie - Virginie - Michelle - Maryse - Benoît - Denis - Pauline - Patrick - Alexandrie - Marie - Noël - Aimée - Victor - Anouk - Mathilde - Julien - Valentine - François - Alphonse - Jules - Dominique - Guillaume - Louise - Nath - Paulette - Adrien - Arthur - Laurence - Étienne - Anaïs - Martin - Valérie - Jeannine - Alain - Philippine - Bertrand - Jean - Margot - Élise - Patricia - Emmanuelle - Claire - Thibaut
Ecole,ESSEC Business School,Paulette - Alphonse - Jean - Noël - Henriette - Mathilde - Patricia - Julien - Bertrand - Virginie - Jules - Jeannine - Laurence - Claire - Adrien - Guillaume - Patrick - François - Thibaut - Valentine - Benoît - Denis - Valérie - Nath - Martin - Arthur - Pauline - Alain - Philippine - David - Emmanuelle - Jérôme - Victor - Louise - Dominique - Aimée - Marie - Aurélie - Michelle - Chantal - Édith - Laure - Étienne - Alexandrie - Anouk - Maryse - Anastasie - Élise - Anaïs - Margot
Ecole,Université de Technologie de Troyes (UTT),Guillaume - Julien - Pauline - Mathilde - Michelle - Arthur - Noël - Louise - Maryse - Patricia - Laure - Jérôme - Aurélie - Benoît - Nath - Virginie - Henriette - Valentine - Chantal - Jules - David - Jean - Patrick - Jeannine - Anouk - Alphonse - Adrien - Alain - Victor - Dominique - Aimée - Paulette - Alexandrie - Margot - Marie - Thibaut - Anastasie - Claire - Édith - Valérie - François - Anaïs - Denis - Emmanuelle - Philippine - Martin - Bertrand - Étienne - Élise - Laurence
Ecole,Université de La Réunion,Jeannine - Henriette - Claire - Michelle - Jérôme - Valentine - Jules - Étienne - Maryse - Bertrand - Margot - Alain - Virginie - Édith - Pauline - Patricia - Alphonse - Anaïs - Arthur - Valérie - Julien - Anouk - Alexandrie - Emmanuelle - Élise - Jean - François - Philippine - Dominique - Aimée - Marie - Louise - Nath - Adrien - Anastasie - Laure - Denis - Chantal - Guillaume - Victor - Paulette - Noël - Benoît - Aurélie - Thibaut - Patrick - Martin - David - Mathilde - Laurence
Ecole,Université de Technologie de Belfort-Montbéliard (UTBM),Henriette - Édith - Julien - Noël - Mathilde - Patricia - Jeannine - Jean - Thibaut - Arthur - Claire - Laurence - Alphonse - Virginie - Dominique - Louise - Jules - David - Margot - Michelle - Valentine - Valérie - Anaïs - Anouk - Aurélie - Adrien - Nath - Alain - Martin - Alexandrie - Chantal - Denis - Patrick - Emmanuelle - Paulette - Maryse - Laure - Bertrand - Anastasie - Philippine - Élise - François - Benoît - Victor - Marie - Étienne - Jérôme - Pauline - Aimée - Guillaume
Ecole,Université de Tours,Alain - David - Louise - Bertrand - Étienne - Philippine - Benoît - Denis - Adrien - Jérôme - Paulette - Jeannine - Guillaume - Henriette - Noël - Jean - Mathilde - Marie - Thibaut - Patrick - François - Édith - Laurence - Claire - Aurélie - Dominique - Alphonse - Jules - Patricia - Valérie - Aimée - Laure - Michelle - Valentine - Pauline - Chantal - Julien - Anaïs - Virginie - Arthur - Élise - Martin - Victor - Anouk - Maryse - Emmanuelle - Margot - Anastasie - Nath - Alexandrie
Ecole,Télécom Paris,Mathilde - Jean - Alphonse - Anastasie - Aurélie - Thibaut - Julien - Michelle - Valérie - Anouk - Victor - Jérôme - Chantal - Arthur - Benoît - Pauline - Denis - Patricia - Henriette - Aimée - Claire - Louise - Élise - Nath - Bertrand - Martin - Virginie - Valentine - Étienne - David - Guillaume - Adrien - Margot - Laurence - Alain - Emmanuelle - Jeannine - Dominique - Maryse - Anaïs - Paulette - Laure - Philippine - Jules - Noël - Patrick - François - Marie - Alexandrie - Édith
Ecole,Sorbonne Université,Anouk - Julien - Patricia - Victor - Anastasie - Michelle - Alphonse - Jean - Noël - Laure - Valentine - Nath - Margot - Chantal - Paulette - Mathilde - Édith - Jérôme - Étienne - Adrien - Jeannine - Henriette - Valérie - Claire - Alain - David - Philippine - Élise - Dominique - Denis - Jules - Martin - Patrick - Laurence - Emmanuelle - Maryse - Aurélie - Virginie - Thibaut - Anaïs - Benoît - Louise - Marie - François - Pauline - Aimée - Alexandrie - Guillaume - Arthur - Bertrand
Ecole,Université de Strasbourg,Thibaut - Anaïs - Nath - François - Claire - Aimée - Benoît - Marie - Laure - Alphonse - Laurence - Margot - Étienne - Jules - Virginie - Guillaume - Jeannine - Noël - Patricia - Jérôme - Emmanuelle - Édith - Denis - Chantal - Arthur - Mathilde - Valentine - Michelle - Aurélie - Anouk - Élise - Philippine - Pauline - Dominique - Adrien - Alain - Valérie - Alexandrie - Patrick - Anastasie - Martin - Maryse - Henriette - David - Victor - Paulette - Julien - Jean - Louise - Bertrand
Ecole,Université de Franche-Comté,Laure - Alexandrie - Étienne - Nath - Guillaume - Aurélie - Michelle - Louise - Édith - Adrien - Alphonse - Anouk - Jean - Dominique - Pauline - Jules - Bertrand - Anaïs - Paulette - Chantal - Margot - François - Valérie - Thibaut - Laurence - Arthur - Philippine - Jeannine - Benoît - Virginie - Valentine - Jérôme - David - Aimée - Alain - Martin - Julien - Emmanuelle - Patricia - Mathilde - Marie - Denis - Noël - Henriette - Claire - Maryse - Anastasie - Patrick - Élise - Victor
Ecole,Université de Rouen Normandie,Édith - Patricia - Anouk - Anastasie - Jean - Jules - Laurence - Paulette - François - Benoît - Denis - Thibaut - Valérie - Nath - Adrien - Julien - Alain - Michelle - Pauline - Maryse - Élise - Aurélie - Virginie - Marie - Anaïs - Louise - Henriette - Patrick - Bertrand - Arthur - Guillaume - Emmanuelle - Philippine - Aimée - Claire - Noël - Alphonse - Jeannine - Valentine - Chantal - Étienne - Martin - Alexandrie - David - Mathilde - Jérôme - Victor - Dominique - Laure - Margot
